Surface melt rate,,,,
G(h)_W/m2,Gb(n)_W/m2,Gd(h)_W/m2,IR(h)_W/m2,RH_%
0,0,0,306.98,72
0,0,0,311.56,75
0,0,0,316.14,65
0,0,0,320.72,77
34.09,0,0,325.31,78
122.13,0,11,329.89,68
252.24,6.8,100,334.47,76
358.79,0,114,339.05,75
385.22,0,144,327.8,71
532.48,0,162,324.8,67
611.24,0,113,319.4,63
541.58,0,108,315,56
507.45,0,80,311.6,51
430.34,0,63,311.4,51
305.98,0,46,308.6,52
159.98,0,29,306,52
41.2,0,17,296,54
0,0,0,288.2,59
0,0,0,291.6,66
0,0,0,293.8,68
0,0,0,284.6,69
0,0,0,290.8,71
0,0,0,296.6,63
0,0,0,295.2,68
0,0,0,290.2,69
0,0,0,290.8,71
0,0,0,289.4,69
0,0,0,292.2,69
57.66,0,0,283.4,71
182.59,0,13,290.2,72
317.19,0,49,290.2,73
437.5,0,107,293.6,72
550.37,0,146,294.6,68
592.21,0,170,300,66
604.69,0,113,299.8,64
575.09,0,148,298.2,61
518.22,15.17,212,301.8,58
413.7,0,59,303.4,53
288.01,0,102,303.8,47
151.28,0,23,304.6,45
36.95,0,13,309.6,47
0,0,0,309.6,49
0,0,0,310.4,53
0,0,0,312.2,58
0,0,0,313.8,57
0,0,0,315.6,65
0,0,0,314.4,70
0,0,0,317,69
0,0,0,312.8,73
0,0,0,315.25,77
0,0,0,316.4,80
0,0,0,313,82
60.98,0,2,312.4,81
184.03,98.95,74,310.4,78
314.12,0,36,304.6,77
427.2,0,65,310.4,74
513.48,0,100,310,70
567.99,5.35,206,306.8,67
599.48,1.71,193,312,63
566.12,0,137,309.6,59
501.74,0,56,308.4,57
409.02,0,49,307.2,55
288.98,0,42,314.6,50
157.4,0,30,318,49
40.53,0,17,323.8,47
0,0,0,328.2,45
0,0,0,330.4,48
0,0,0,328,53
0,0,0,321.4,54
0,0,0,316,58
0,0,0,312.4,62
0,0,0,312.8,62
0,0,0,312.8,66
0,0,0,310.65,69
0,0,0,310.4,72
0,0,0,310.6,75
67.24,0,2,299.8,77
187.17,0,16,310.2,77
318.55,0,69,307.8,79
439.02,7.11,152,313,76
534.37,9.83,191,310.6,71
582.8,5.3,205,312.6,63
607.12,0,144,307,59
577.46,0,132,315.2,58
509.18,0,137,317.2,58
407.8,0,83,321.6,58
282.68,247.71,164,326.2,57
149.32,90.02,104,321,55
37.57,139.55,42,318.6,54
0,0,0,314,53
0,0,0,304.6,57
0,0,0,276,61
0,0,0,283.6,66
0,0,0,279.4,69
0,0,0,279.8,72
0,0,0,274.2,82
0,0,0,287.6,85
0,0,0,286.2,88
0,0,0,306.2,88
0,0,0,309.6,89
22.26,0,6,315.6,90
56.11,0,16,316.6,89
96.19,3.13,101,318.4,89
83.59,7.01,154,319.8,88
96.77,7.78,189,320.8,88
102.88,5.25,207,302.2,87
149.71,0,116,315.2,87
150.59,0,101,303.6,85
165.16,0,71,315.4,84
137.64,0,67,314.4,84
98.63,0,61,313.4,81
56.67,0,43,309.2,80
22.06,8.36,32,308.6,81
0,0,0,303.4,81
0,0,0,308.4,83
0,0,0,273,85
0,0,0,276.8,88
0,0,0,279,90
0,0,0,271.8,91
0,0,0,297,92
0,0,0,285.2,93
0,0,0,269.8,93
0,0,0,268,92
0,0,0,273.6,93
29.39,0,3,286,93
69.91,0,36,292.6,94
114.59,12.3,117,292.8,95
148.34,267.23,199,284.8,93
180.41,151.92,256,270.8,91
176.51,114.37,285,275.2,86
195.67,9.98,237,276.4,78
195.62,0,99,258,74
182.95,1.83,178,271,66
150.25,0,57,283.8,59
112.15,0,30,296.6,57
71.53,0,19,278.6,54
32.03,8.02,32,262.6,53
0,0,0,273.8,56
0,0,0,244.4,61
0,0,0,226.2,71
0,0,0,230.6,80
0,0,0,236.8,84
0,0,0,260.8,86
0,0,0,253.6,87
0,0,0,264.8,88
0,0,0,240.6,88
0,0,0,240,90
0,0,0,243.4,88
76.02,0,4,247.6,87
197.17,0,19,259.6,87
331.15,0,73,270.2,86
443.68,0,133,298.2,81
533.31,7.61,197,307.4,75
593.48,1.72,191,308.2,67
623.98,0,159,314.2,60
593.04,0,155,318.2,54
531.71,0,166,320.6,49
429.01,0,97,317.6,46
307.53,0,61,320.6,38
164.5,0,38,323.4,34
50.64,7.72,36,324,34
0,0,0,322,46
0,0,0,323.6,54
0,0,0,320,60
0,0,0,318.6,67
0,0,0,319.6,71
0,0,0,318.8,76
0,0,0,316.2,80
0,0,0,308.4,83
0,0,0,311.45,83
0,0,0,312.6,82
7.54,0,0,308.4,83
71.77,0,4,307,85
204.23,0,19,302.6,86
319.9,0,84,298.2,86
427.1,6.73,159,313.2,81
522.4,22.59,223,308.4,75
601.41,40.82,267,314.2,66
616.97,6.54,227,317.8,60
592.71,11.64,239,314.6,52
531.21,308.46,259,304.6,51
435.97,610.77,150,289.8,49
310.12,378.74,156,297.4,47
171.79,284.11,109,292.8,44
56.16,275.11,47,275.6,45
0,0,0,255,46
0,0,0,254,47
0,0,0,256.4,52
0,0,0,254.4,54
0,0,0,256,56
0,0,0,261.4,74
0,0,0,255,75
0,0,0,258.2,76
0,0,0,259.8,81
0,0,0,256.8,78
7.8,0,0,261.2,81
74.3,0,4,254.8,82
197.2,0,56,254.4,80
327.11,0,64,265.2,82
443.79,110.74,215,271.2,80
526.52,257.07,255,280.2,76
597.05,519.13,222,283,70
605.09,515.32,235,280.6,64
580.26,120.35,302,286.6,62
512.46,161.78,279,299.2,61
417.23,6.15,178,314.8,59
294.61,0,82,312.2,53
165.8,0,63,315.4,48
56.87,0,9,316.8,47
0,0,0,303.4,46
0,0,0,299,46
0,0,0,311,46
0,0,0,309.2,48
0,0,0,319,52
0,0,0,320.2,61
0,0,0,315.6,69
0,0,0,301,65
0,0,0,260.4,64
0,0,0,248.4,74
8.63,0,0,236.8,74
86.57,0,5,236.8,76
215.31,0,18,256.8,77
353.77,14.32,129,280.8,78
472.27,2.19,147,288.4,75
560.05,0,84,286.4,68
615.52,10.02,235,295,59
628.09,1.61,207,295.4,52
597.67,4.91,221,277.8,49
530.76,0,155,293.6,44
438.7,0,91,300.8,40
320.93,0,103,294.2,38
188.62,0,67,279.4,38
68.59,0,35,272.8,38
0,0,0,282.4,39
0,0,0,290.6,42
0,0,0,286.2,47
0,0,0,275.2,51
0,0,0,264.4,55
0,0,0,262.6,59
0,0,0,277.8,68
0,0,0,279,79
0,0,0,263.4,85
0,0,0,265.4,85
9.05,0,0,264,83
59.33,0,22,258,79
137.44,0,39,269,68
223.36,5.64,121,268.2,68
298.77,86.42,218,305.4,67
380.9,533.09,198,310.4,63
461.78,296.44,285,307,62
421.25,14.35,256,289.6,60
418.67,0,178,285.6,62
383.97,6.99,212,268.8,59
317.07,309.67,226,267.6,58
228.84,450.77,150,268.2,53
132.45,197.61,122,261,49
51.97,382.31,48,261.2,46
0,0,0,245.2,65
0,0,0,236.8,62
0,0,0,256.2,64
0,0,0,253.6,69
0,0,0,256.2,85
0,0,0,266.4,88
0,0,0,273.8,90
0,0,0,282.2,92
0,0,0,295.4,92
0,0,0,274.6,93
9.56,0,0,289.6,94
70.56,0,6,293.8,94
180.27,0,33,290.6,94
298,2.77,110,290.8,95
398.7,12.81,181,296.2,94
484.76,137.4,272,292.2,86
545.88,773.4,141,295.4,79
539.07,784.5,144,300.2,69
488.37,447.46,257,296.4,63
396.75,298.17,270,295,56
322.86,422.33,205,299.4,48
232.11,199.12,188,294.8,46
136.27,162.52,125,266.4,45
56.57,13,46,281.6,43
0,0,0,275.2,53
0,0,0,267.4,53
0,0,0,277.2,74
0,0,0,274.2,62
0,0,0,278.4,67
0,0,0,280.8,74
0,0,0,277.6,75
0,0,0,277.4,75
0,0,0,276.4,78
0,0,0,263,83
9.59,0,0,255.6,81
50.19,0,6,258.8,79
113.84,0,18,276.4,82
184.06,8.19,126,278.2,85
253.02,101.28,226,268.6,79
305.59,227.42,271,274.6,76
300.54,745.79,152,283.8,74
318.08,105.15,317,270.4,72
338.61,345.01,286,279.8,67
304.6,34.39,257,288.6,68
249.07,0,109,295,68
178.95,12.3,154,285.8,64
106.93,298.9,119,291.8,64
41.69,170.15,62,304,64
6.29,0,0,264,65
0,0,0,260.8,66
0,0,0,275.6,68
0,0,0,286.4,69
0,0,0,278.4,70
0,0,0,253.6,71
0,0,0,245.4,72
0,0,0,241,74
0,0,0,238.2,75
0,0,0,238.6,77
12.8,0,0,240.2,79
77.23,0,7,244.2,79
184.85,72.32,104,244.8,75
306.91,18.82,143,249.6,75
425.79,544.46,165,248.4,71
523.66,487.87,217,249.6,66
591.55,705.8,168,257,62
648.05,272.56,310,260.2,57
630.27,299.62,299,296.6,52
560.98,105.77,289,311.2,48
457.41,1.96,166,305,44
325.14,0,124,312.8,50
189.48,3.42,94,305.8,51
70.81,6.12,48,301.8,52
7.3,0,0,299.2,51
0,0,0,271,51
0,0,0,254,55
0,0,0,247.8,59
0,0,0,244.6,62
0,0,0,241.2,65
0,0,0,243.8,67
0,0,0,250.6,63
0,0,0,261.4,59
0,0,0,261.6,58
15.76,0,0,266.4,58
80.8,0,13,277.4,57
188.8,0,69,278.6,60
295.2,7.95,135,273.4,60
390.84,18.57,196,280.8,56
460.93,193.37,280,284.2,53
529.95,794.69,136,284.2,51
578.71,533.34,241,273.4,48
563.97,239.19,312,274.2,44
495.51,25.39,254,275.8,42
397.26,116.34,250,279.6,40
280.8,322.48,180,287,35
162.34,107.75,132,280.4,33
59.38,53.52,64,268.4,32
7.48,0,0,257.6,34
0,0,0,268.4,36
0,0,0,267.6,40
0,0,0,259.6,45
0,0,0,281.4,49
0,0,0,287.2,53
0,0,0,284,57
0,0,0,264.2,57
0,0,0,247.8,58
0,0,0,234.2,58
20.19,0,0,233.2,60
110.59,0,8,236.6,63
239.16,0,29,246.8,61
368.12,20.88,150,252.8,62
492.52,559.11,165,252.2,58
575.08,756.16,135,257.8,52
631.04,709,170,264.8,45
651.08,718.21,175,263.6,40
611.55,451.49,264,275.2,38
541.89,26.88,259,291.4,34
439.12,124.95,253,279.8,35
317.9,95.23,196,280,42
188.27,116.06,135,277.6,42
69.79,225.63,67,278.6,43
8.98,0,0,273.2,45
0,0,0,270.6,48
0,0,0,265,52
0,0,0,255.8,60
0,0,0,248.2,61
0,0,0,244.2,60
0,0,0,244.4,65
0,0,0,248.8,70
0,0,0,252.4,74
0,0,0,252.6,76
17.92,0,0,257,77
98.07,0,8,267.4,77
224.02,0,32,273.6,79
348.76,5.15,129,279.8,82
468.49,145.37,239,292.6,74
562.02,303.98,269,284.8,67
617.7,168.79,317,282.8,60
655.72,30.47,292,267.8,48
631.51,3.1,228,303.2,41
569.79,0,182,327.4,39
463.79,0,99,326.2,38
330.34,0,60,327.4,35
196.1,0,37,315.4,32
75.28,0,17,313.6,30
9.78,0,2,312,27
0,0,0,318,36
0,0,0,300.8,46
0,0,0,301.8,56
0,0,0,283.8,50
0,0,0,264.6,49
0,0,0,239.8,56
0,0,0,237.2,59
0,0,0,242,59
0,0,0,271,67
23.17,0,0,293.4,79
96.71,0,9,316,80
199.52,0,26,317.8,80
292.49,0,107,318.2,72
374.41,23.98,208,315.6,66
443.28,212.34,286,295.2,60
525.27,245.82,312,292,55
543.19,242.09,325,287.4,51
555.52,240.31,319,276,45
526.07,155.58,301,285.2,42
435.63,35.91,234,276.2,41
321.25,0,78,310.4,40
191.12,0,82,292.4,38
77.21,5.49,56,276.6,40
10.86,0,10,273,40
0,0,0,264.2,43
0,0,0,253.4,48
0,0,0,251.8,56
0,0,0,248.2,49
0,0,0,252,54
0,0,0,244.2,61
0,0,0,250,65
0,0,0,265.8,70
0,0,0,285.8,75
29.45,0,0,297.2,80
132.69,0,9,291.2,83
270.87,0,21,289.6,85
400.52,0,56,300,84
511.87,128.57,244,310.8,79
591.94,410.96,249,310.6,74
658.64,0,187,310.8,70
690.32,102.18,332,299.6,67
660.03,1.53,215,304.8,63
596,0,102,291.2,58
501.21,0,101,286.6,53
381.14,0,53,281.2,45
238.32,0,89,263.2,44
98.63,294.56,70,280.4,44
14.02,0,16,270,44
0,0,0,256.6,45
0,0,0,244.2,49
0,0,0,236.2,53
0,0,0,240.4,55
0,0,0,234.2,57
0,0,0,234,64
0,0,0,233.6,69
0,0,0,233.6,78
0,0,0,232.6,79
32.87,0,0,235,81
135.05,0,10,247.8,80
263.34,0,24,266.2,78
389.52,9.89,150,278.4,78
467.91,90.09,243,284,69
543.48,26.95,257,293.4,57
554.88,191.34,324,300.6,50
574.81,119.41,336,304.4,46
558.44,101.83,327,307,40
499.02,29.37,269,311.2,36
413.86,1.86,181,311.8,32
306.47,0,97,315.8,32
190.75,0,45,324.6,33
80.34,0,37,329.6,34
13.62,0,3,333,39
0,0,0,337,41
0,0,0,336.6,46
0,0,0,333.8,55
0,0,0,325.8,58
0,0,0,327.6,61
0,0,0,324.6,66
0,0,0,326.2,71
0,0,0,317.65,77
0,0,0,320.6,79
34.34,0,0,312.6,83
137.2,0,10,318.4,86
268.7,0,22,316.8,86
396.24,0,64,316.4,86
515.3,7.76,188,312.6,81
607.63,3.34,212,315.6,76
660.76,6.13,247,310.2,72
661.39,194.25,338,304.8,66
641.62,809.33,140,292.2,58
576.71,819.96,123,266.2,52
483.37,795.28,111,263.6,51
363.18,708.26,107,251,49
232.46,426.11,119,255.4,48
103.85,520.95,54,244.8,49
17.38,0,19,243.8,51
0,0,0,241.4,51
0,0,0,236.2,56
0,0,0,234.2,65
0,0,0,232,73
0,0,0,230.6,79
0,0,0,228.6,82
0,0,0,225.6,85
0,0,0,223,87
0,0,0,222,89
41.36,0,0,222,90
153.86,463.65,47,222.6,90
290.88,597.11,79,224.2,88
422.64,701.75,99,227.8,86
538.79,768.6,113,231.6,81
625.23,827.36,116,234.8,74
674.12,885.68,106,251.6,68
689.18,800,149,241.2,62
664.09,613.62,219,248.6,59
603.14,410.43,265,242.6,56
509.53,783.68,116,244.6,52
389.33,723.94,104,247.2,50
255.52,642.9,84,245.6,47
120.68,499.31,58,248,46
22.39,0,21,243.8,42
0,0,0,238.8,43
0,0,0,232.8,49
0,0,0,231.6,63
0,0,0,230.4,69
0,0,0,230.2,72
0,0,0,228.8,75
0,0,0,229.4,80
0,0,0,227.6,81
0,0,0,227.4,83
49.99,0,0,228.2,83
170.1,478.47,48,227.8,85
310.28,603.47,80,228.6,88
442.77,691,104,231.8,85
560.08,771.09,114,236,77
648.89,814.51,122,239.4,67
694.55,953.82,76,243.2,57
710.55,931.13,91,245.8,51
679.66,891.58,106,247.2,45
613.84,823.42,123,249.4,41
511.98,814.13,106,250.4,37
382.61,699.43,112,250.6,36
242.76,634.58,87,250.4,42
110.13,444.5,65,248.6,42
21.41,0,24,247,43
0,0,0,243.2,45
0,0,0,239.2,55
0,0,0,237,63
0,0,0,234.8,70
0,0,0,234,72
0,0,0,234,70
0,0,0,230.8,69
0,0,0,232.4,70
0,0,0,232,75
35.06,0,2,228.4,74
102.79,383.76,58,229,74
186.15,573.51,87,230.8,74
273.54,680.63,108,234.6,75
343.91,773.66,114,239.2,73
385.98,816.65,122,244.8,83
389.3,955.08,77,249.4,86
403.07,932.69,91,253.2,79
472,909.83,99,256.8,65
429.37,840.32,117,259.8,61
357.68,802.71,111,261.4,61
270.7,701.84,112,262.4,61
176.02,626.56,90,263,63
80.41,521.21,59,262.6,66
16.27,0,21,261,69
0,0,0,258.4,77
0,0,0,255.8,84
0,0,0,254.8,84
0,0,0,256.2,83
0,0,0,257.8,80
0,0,0,259.4,89
0,0,0,260.6,90
0,0,0,275.8,84
0,0,0,280,85
33.76,0,2,282,92
108.09,5.56,50,282.4,93
202.76,116.72,138,276.4,94
298.84,2.33,142,285.4,95
385.62,106.62,258,287.6,92
446.8,192.96,305,298.6,90
490.66,198.45,335,301.6,87
453.62,257.44,338,306.8,66
418.43,223.89,337,303,69
381.26,173.62,316,315.2,66
313.15,44.77,253,301.2,58
234.13,2.18,149,293.2,41
151.21,82.12,151,291.8,68
72.91,74.94,87,291.2,66
18.85,0,25,294.6,59
0,0,0,296.8,78
0,0,0,268,74
0,0,0,263,84
0,0,0,258.6,84
0,0,0,258.8,84
0,0,0,258.8,87
0,0,0,258,88
0,0,0,255.6,89
0,0,0,255.2,90
43.32,0,2,253.4,92
125.04,0,33,253.2,94
220.06,140.4,141,255,94
308.37,363.88,182,257.6,93
383.66,536.03,191,259.8,94
466.6,642.43,190,263.8,96
445.81,781.43,154,268.4,93
491.52,790.8,157,272.2,91
470.84,800.98,149,274.4,84
448.97,751.35,155,275.4,82
369.95,691.68,151,276.4,77
267.7,585.72,146,281.2,71
165.41,472.26,121,280.2,83
76.08,348.91,80,282.4,83
19.29,0,30,278,75
0,0,0,274.2,82
0,0,0,266.4,91
0,0,0,263.6,92
0,0,0,261.2,87
0,0,0,258.8,88
0,0,0,256.4,91
0,0,0,255.2,93
0,0,0,253.6,93
0,0,0,252,91
37.18,0,3,250.4,85
104.47,0,27,249.8,86
196.02,135.1,143,251.4,87
295.28,350.89,186,254.4,88
386.99,548.16,189,259.2,83
457.84,633.22,194,264,79
497.2,767.82,161,268.8,75
490.95,791.98,157,271.2,78
488.05,786.2,156,273.6,64
454.6,753.01,155,275.6,68
392.14,692.17,153,281.2,64
307.5,597.83,144,306.2,54
208.32,472.4,123,307.8,54
107.43,337.67,83,324.6,51
28.74,0,32,292.4,49
0,0,0,300,49
0,0,0,270.8,65
0,0,0,268.6,71
0,0,0,265.4,75
0,0,0,265,76
0,0,0,261.4,80
0,0,0,259.4,88
0,0,0,258.4,90
0,0,0,256.2,88
72.04,0,3,255.2,83
175.04,0,48,255.2,86
281.4,170.24,145,256.6,91
372.04,374.31,184,260.8,86
441.81,569.31,185,264,78
486.16,657.57,187,266.8,71
512.05,814.53,143,271.8,63
500.41,793.23,157,274.6,56
444.34,728.22,181,276.4,48
370.48,604.39,213,297.6,43
314.92,448.96,229,320.8,44
249.88,384.58,196,331.2,78
170.82,348.09,144,321.8,84
86.73,304.83,87,302.8,92
23.57,0,34,291.4,77
0,0,0,281.8,80
0,0,0,312.4,80
0,0,0,302,79
0,0,0,303.6,81
0,0,0,287,79
0,0,0,284.4,81
0,0,0,281.6,86
0,0,0,275,89
0,0,0,278,92
44.92,0,4,292.6,90
128.01,0,53,290.4,88
236.72,106.78,147,283.6,88
364.19,287.95,201,283.6,88
475.5,320.45,250,286.4,87
568.12,467.07,253,293.4,86
632.96,573.85,240,294,81
609.52,660.23,215,298.6,77
568.88,679.6,202,301.4,70
516.83,617.81,209,298.6,53
425.48,635.85,174,295.2,45
311.52,436.2,186,299.8,34
193.15,341.35,147,304.2,33
88.99,373.01,83,289.4,39
23.29,0,35,274.2,43
0,0,0,263.4,41
0,0,0,256.4,44
0,0,0,252,46
0,0,0,249.8,48
0,0,0,247.8,60
0,0,0,245.6,76
0,0,0,242.6,87
0,0,0,239.6,92
5.71,0,0,237,93
31.48,0,4,234.8,95
86.72,83.05,83,233.8,96
154.81,388.09,129,234,91
227.12,590.16,140,236.4,90
289.14,715.08,141,238.8,84
318.88,780.82,143,241.8,79
391.7,931.21,91,244.8,76
428.77,907.01,107,245.8,81
385.99,885.04,114,247.8,86
358.76,833.34,125,248.6,81
315.94,827.26,108,251,83
251.12,727.4,112,252.2,76
173.8,597.69,104,253.4,79
94.55,485.7,73,248.74,81
29.1,252.31,35,247.8,83
0,0,0,246.87,78
0,0,0,245.94,73
0,0,0,245,73
0,0,0,244.07,76
0,0,0,243.14,79
0,0,0,242.2,78
0,0,0,241.27,84
0,0,0,240.34,90
8.2,0,0,239.4,92
75.77,12.06,21,238.47,92
190.52,386.78,71,237.54,90
308.01,590.61,93,236.6,90
420.23,687.45,112,235.67,87
510.62,747.23,126,234.74,81
582.84,769.75,142,250.6,72
585.41,806.52,142,253.8,57
620.89,830.93,136,257.2,51
587.77,809.18,143,259.2,43
530.71,746.42,156,261.4,40
439.88,699.88,149,262,32
324.27,676.03,124,262.4,33
207.75,588.5,104,261.6,37
101.08,477.34,73,260.2,39
28.85,242.56,37,257.8,42
0,0,0,254.2,48
0,0,0,248.8,65
0,0,0,246.8,68
0,0,0,245.6,83
0,0,0,244.4,91
0,0,0,243.2,92
0,0,0,242.2,92
0,0,0,241.2,92
6.36,0,0,240,92
43.08,11.4,23,239,90
114.46,420.44,70,239.6,89
202.89,603.42,92,241.2,88
297.45,676.77,116,244.4,85
382.28,748.94,126,249.4,81
295.34,755.81,149,253.2,76
309.05,807.91,142,256.6,72
241.95,784.94,158,260,74
171.9,795.12,150,262.4,65
185.25,748.4,156,264.8,69
179.3,702.34,149,265.4,87
152.62,679.03,124,265.8,92
113.62,579.58,107,265.2,90
65.85,469.34,76,264.2,85
22.91,233.63,39,261.8,83
0,0,0,258.4,82
0,0,0,253.2,80
0,0,0,252.4,75
0,0,0,250.6,78
0,0,0,250.4,80
0,0,0,248.6,79
0,0,0,249,82
0,0,0,247.2,81
9.53,0,0,245.6,83
77.39,32.45,28,240.4,83
198.15,306.48,82,240,84
329.42,428.06,125,247.2,87
452.78,543.87,152,260.4,84
561.31,536.24,198,270.2,74
644.5,629.74,198,274.6,63
638.83,719.6,181,283,56
620.16,451.45,294,290,51
613.7,548.58,253,297.6,44
574.62,525.9,241,301.4,40
490.85,419.5,240,306.2,39
380.75,424.76,192,301,42
260.67,273.4,161,298.2,40
140.26,210.6,103,298,42
46.16,150.28,43,292.2,45
0,0,0,289.4,50
0,0,0,281.4,54
0,0,0,270.4,61
0,0,0,268.6,74
0,0,0,263.2,79
0,0,0,261.4,83
0,0,0,260.8,72
0,0,0,259,76
8.6,0,0,256.6,80
59,0,5,259.8,68
149.79,4.48,66,257.2,77
253.01,374.27,136,263,55
354.3,496.53,166,272,58
450.46,694.99,147,292.4,55
526.32,759.33,149,292.2,51
574.37,779.72,156,291.4,50
667.27,771.75,166,291.4,47
590.77,752.2,170,305.4,45
547.66,536.64,239,317.2,41
471.27,0,170,329.2,47
373.8,253.37,226,324.2,51
263.9,95.52,170,321,67
149.67,0,32,328.6,64
51.62,56.48,42,320.6,42
0,0,0,311.2,42
0,0,0,306,47
0,0,0,297.6,53
0,0,0,275.2,48
0,0,0,271.4,64
0,0,0,258.4,66
0,0,0,263.4,63
0,0,0,262.2,62
10.69,0,0,270.2,62
67.78,0,5,262,61
153.4,0,16,263.4,61
241.73,16.94,131,258.4,62
314.53,598,142,266,56
370.53,738.97,133,270.2,56
409.19,666.81,187,269.6,58
409.57,12.7,283,271.4,56
433.72,0,142,297.6,53
450.5,0,157,306.2,46
419.43,0,60,308.4,42
360.36,0,132,296.8,40
285.49,2.01,162,284.6,40
202.47,107.72,172,291,39
116.62,200.15,107,291,38
43.09,54.67,45,288.8,40
0,0,0,297.8,43
0,0,0,306.8,44
0,0,0,318,46
0,0,0,328.6,50
0,0,0,333.8,52
0,0,0,334,56
0,0,0,335.8,57
0,0,0,336.85,57
13.41,0,0,338.4,66
83.55,0,6,337.4,72
190.63,0,16,336.2,73
304.35,0,45,336.2,74
411.17,0,123,334.4,65
501.62,0,147,335,51
568.2,39.37,297,327.6,50
606.5,119.32,354,327.6,47
550.15,35.5,330,329.6,44
615.05,243.28,350,330.4,45
552.71,195.87,331,320,43
489.47,308.71,272,310.4,39
394.97,223.78,233,311.6,37
284.45,20.82,149,314,37
167.8,382.71,93,307.6,39
64.41,348.19,41,304.6,40
0,0,0,295.2,43
0,0,0,290.8,42
0,0,0,277,45
0,0,0,267.4,51
0,0,0,285.4,57
0,0,0,269.8,61
0,0,0,279.8,66
0,0,0,269,77
15.3,0,0,279.2,80
94.62,0,6,284.4,81
222.51,0,17,284,82
359.69,0,64,290.6,77
491.23,340.99,205,287.6,71
604.52,32.54,254,290.6,59
702.65,644.67,197,288.4,41
735.88,549.1,255,294.6,38
750.49,774.73,167,297.2,35
720.74,725.15,185,308.2,33
652.69,753.09,158,307,33
561.09,750.03,137,304.2,35
438.88,714.3,118,320.6,36
301.26,652.1,97,309.8,35
163.44,518.09,77,292.6,35
58.75,352.62,42,277.4,36
0,0,0,271.4,38
0,0,0,293.6,41
0,0,0,292.8,44
0,0,0,278.8,44
0,0,0,284.6,44
0,0,0,325.2,53
0,0,0,339,66
0,0,0,344.05,68
12.44,0,0,334.8,75
71.99,0,6,300,70
188.43,266.69,96,278,67
326,554.38,111,259.4,67
470.66,664.38,127,260.8,64
599.59,728.67,140,265.6,54
709.96,764.27,150,267.6,45
762.36,712.09,189,272,44
769.41,745.64,181,275.4,38
742.34,665.46,211,272.6,32
679.4,662.8,196,274.6,30
584.12,737.67,142,275.8,29
462.99,636.54,143,273.6,31
328.19,393.29,152,271.6,32
190.52,450.66,87,269.6,31
76.3,299.83,47,266.2,32
0,0,0,263,32
0,0,0,264.2,33
0,0,0,270.4,36
0,0,0,273.8,36
0,0,0,274.8,40
0,0,0,278,67
0,0,0,276.8,75
0,0,0,278.8,82
20.3,0,0,285,84
100.38,0,7,298.6,85
213.25,0,17,306.4,84
333.6,0,29,329,83
458.43,0,89,350,79
568.88,0,78,342.4,68
653.59,0,116,341.6,48
712.54,0,140,362.8,42
696.7,13.47,302,362.2,39
689.09,0,108,356.6,33
645.18,0,129,337.6,29
549.41,0,136,340.6,30
433.27,146.82,243,300.2,27
304.83,75.93,176,316.4,28
176.66,77.78,114,310.8,36
65.67,291.7,49,287.6,35
7.74,0,0,269.2,36
0,0,0,267.8,38
0,0,0,266.2,42
0,0,0,265.4,61
0,0,0,263.4,67
0,0,0,262.2,70
0,0,0,262,79
0,0,0,265.6,78
20.04,0,0,263.2,76
99.98,0,7,267.6,78
227.62,84.72,104,264.2,79
366.8,32.11,150,268,79
497.45,10.17,181,278.8,73
609.91,641.2,173,290.6,61
693.02,795.43,139,294,49
728.97,606.6,235,297.4,40
718,92.59,367,310.8,35
700.61,162.56,365,312.2,34
630.87,294.14,321,309.6,34
540.34,128.99,299,311,34
419.46,3.89,176,315.6,32
294.97,5.02,132,321.2,32
169.23,0,58,320,33
59.96,0,13,315,34
7.55,0,0,320.8,36
0,0,0,293.8,39
0,0,0,284.8,42
0,0,0,284.6,47
0,0,0,284.4,68
0,0,0,296.2,69
0,0,0,305.8,73
0,0,0,300.2,71
20.45,0,0,303.8,69
95.85,0,7,304.4,72
215.88,0,21,309.4,72
347.1,0,64,315.8,69
474.34,16.15,195,318,67
589.54,1.67,195,325,61
679.06,100.44,331,324,48
744.02,205.93,360,333,46
723.56,163.06,375,331,39
700.06,631.26,229,322.8,34
633.88,491.45,264,305.4,31
540.48,713.16,154,298.6,29
426.25,680.3,133,288.4,34
297.44,624.33,108,278.4,32
171.41,566.24,75,277.6,39
64.27,329.75,50,286,46
7.66,0,0,269.2,46
0,0,0,277.2,43
0,0,0,265.6,39
0,0,0,262.6,39
0,0,0,261,44
0,0,0,257.8,49
0,0,0,257.6,54
0,0,0,257.2,63
25.62,0,0,263.8,71
115.12,0,8,260.2,69
247.78,512.98,75,260,71
380.09,695.86,84,256.2,67
504.88,752.11,104,258.6,65
614.43,837.41,102,262,57
653.61,827.87,126,263,36
723.51,787.55,158,279.2,32
755.74,648.35,227,277.4,31
730.89,112.47,366,277.2,32
666.78,294.46,324,290,34
576.43,211.75,298,291.4,33
461.95,735.64,116,276.8,36
331.01,675.86,97,272,39
199.65,601.81,70,268.8,37
78.63,399.06,47,267.4,38
9.24,0,0,263.2,43
0,0,0,265.4,44
0,0,0,261.4,39
0,0,0,259.2,41
0,0,0,255.8,42
0,0,0,256,46
0,0,0,257.2,49
0,0,0,254.6,51
28.57,0,0,253.6,56
119.08,208.08,49,253,63
250.95,556.04,70,256.2,63
384.5,601.18,107,257.2,60
512.55,753.22,105,258.8,53
620.11,693.99,157,264,49
672.68,830.11,126,266,40
760.09,882.5,114,269.2,36
773.82,794.43,162,279.6,35
749,620.92,235,280.4,34
689.06,185.42,344,292.4,33
594.75,640.2,182,288.4,31
474.52,488.74,190,286.4,29
337.03,384.12,161,285.6,28
199.66,277.86,116,305,29
79.16,301.81,55,283.6,29
10.35,0,0,287,31
0,0,0,269,31
0,0,0,267.6,36
0,0,0,262.4,42
0,0,0,261.4,48
0,0,0,260.4,51
0,0,0,260.2,52
0,0,0,270,56
24.9,0,0,276.6,59
104.7,0,29,283.4,55
227.95,0,22,287.2,55
363.13,18.06,149,292.2,54
509.22,613.86,148,300.6,47
582.89,423.56,246,291.4,39
713.1,214.31,334,307.4,35
725.03,501.97,281,318.2,33
766.85,184.99,378,323.8,31
738.01,348.29,336,329.8,31
673.33,131.7,345,327.8,30
583.04,38.42,277,322.8,27
466.95,0,141,321,24
335.15,2.43,126,307.6,26
202.16,0,79,312.8,27
79.99,92.22,63,297.6,28
11.04,0,6,300.4,30
0,0,0,291.6,36
0,0,0,294.8,38
0,0,0,295.4,38
0,0,0,272.8,37
0,0,0,262.4,45
0,0,0,259.2,52
0,0,0,260.6,56
30.4,0,0,259,57
118.45,148.07,53,274.2,60
242.26,473.9,84,269.8,58
372.13,616.69,106,278.2,53
499.17,744,109,273.4,57
607.12,569.14,202,255.2,58
688.29,583.67,229,273,60
708.65,201.4,366,294.6,53
683.05,105.33,376,298,50
628.88,791.83,160,287.6,39
575.63,805.57,141,284.8,38
486.13,788.79,128,262.2,47
378.75,754.81,112,259.4,41
261.08,669.57,101,256.4,42
145.92,556.45,82,257.2,44
54.66,360.98,55,254,41
9.48,0,12,252.2,38
0,0,0,248,41
0,0,0,246.2,44
0,0,0,245.4,45
0,0,0,244.4,47
0,0,0,243.2,49
0,0,0,242.8,50
0,0,0,241.8,50
16.27,0,0,241.2,48
46.03,89.47,55,241.4,48
85.81,516.38,80,243,50
119.39,654.94,98,245.2,50
146.69,729.89,115,249.2,50
157.91,813.04,114,253.8,50
150.27,831.57,127,258,87
102.35,868.69,122,260.2,92
88.14,892.23,115,262,92
129.84,807.7,153,263.2,90
129.29,791.08,148,264.8,86
113.8,805.86,121,265.2,86
101.35,784.36,103,266.2,77
79.37,724.3,88,264.4,78
57.11,594.32,76,261.6,78
28.7,394.8,53,260,77
7.84,0,14,265.4,83
0,0,0,278.2,89
0,0,0,283.4,91
0,0,0,278.8,91
0,0,0,293.6,93
0,0,0,294.8,93
0,0,0,297.2,93
0,0,0,281.2,88
24.45,0,0,293.2,89
81.32,0,9,268.4,90
170.77,0,20,272.2,88
272.71,148.63,182,271.6,90
378.17,638.25,144,279,87
478.17,768.78,132,275.6,91
563.52,596.45,226,272.8,88
571.23,381.17,327,275,82
510.27,813.39,155,281.4,71
450.14,747.71,182,302,57
414.9,822.05,135,294.6,46
354.39,791.26,128,297.4,48
271.35,757.69,113,297.6,49
192.03,650.18,108,273,51
110.91,500.49,93,273.8,53
45.28,277.24,63,272.8,55
10.04,0,8,270.8,60
0,0,0,262.6,64
0,0,0,260,54
0,0,0,256.2,58
0,0,0,252.8,65
0,0,0,252,70
0,0,0,251.2,75
0,0,0,250.4,72
37.33,0,0,249.4,74
129.6,164.53,58,249.4,74
257.77,504.56,83,251.6,78
393.18,647.68,102,255.4,81
516.85,719.98,119,261.4,80
622.41,784.91,126,269.2,75
700.96,677.52,194,275.4,56
743.95,670.17,215,286.6,52
769.09,675.19,220,282.8,46
763.84,763.77,175,296.2,44
690.19,611.81,225,304.4,44
599.67,465.5,247,321.6,43
482.98,402.82,219,312,46
353.64,249.74,189,307.8,51
218.7,129.61,132,313.4,52
95.78,0,19,337.4,54
17.97,0,4,340.8,55
0,0,0,340.4,57
0,0,0,340.6,59
0,0,0,338.4,62
0,0,0,337.4,67
0,0,0,332.4,69
0,0,0,337.8,71
0,0,0,343.65,71
35.73,0,0,344.6,71
122.34,0,10,343.6,73
240.77,0,21,349.4,75
371.49,0,38,352.2,73
498.19,0,94,352.8,66
630.84,0,178,353.8,58
742.25,1.43,223,352,50
748.94,0,235,355,44
758.73,0,138,360.8,41
740.42,2.64,270,357.2,36
691.98,30.9,313,349.8,36
598.28,4.7,230,334.8,34
484.34,0,149,334.8,37
361.84,81.89,193,303.8,41
230.86,407.84,109,301.4,39
102.57,205.78,69,297.8,39
19.61,0,12,290.2,41
0,0,0,298.6,43
0,0,0,292.4,44
0,0,0,300.2,48
0,0,0,307.8,56
0,0,0,301,60
0,0,0,309,64
0,0,0,308.2,70
36.09,0,2,294.8,72
121.16,0,10,294.8,72
242.38,0,21,292,74
373.7,0,56,289.6,84
508.48,0,156,304.8,76
632.68,94.71,299,323.4,62
741.42,215.25,342,323,41
789.52,365.53,335,339.8,38
793.52,268.15,371,348.2,34
774.62,259.55,366,349.6,32
710.42,485.74,275,346.2,32
603.98,209.01,310,338.4,30
472.95,457.52,207,338,29
334.74,288.17,187,327.4,28
199.91,491.68,98,308.8,30
84.19,273.18,68,312.4,31
16.91,0,19,312.6,33
0,0,0,287.6,37
0,0,0,291.2,38
0,0,0,295.6,43
0,0,0,307.4,45
0,0,0,303,50
0,0,0,314.8,58
0,0,0,311.85,57
49.93,0,2,308,56
147.91,0,10,294.8,55
274.31,0,21,299.4,62
403.77,0,96,321.8,68
528.41,20.97,211,318.8,64
636.91,0,193,338.2,51
717.67,98.04,344,341.2,43
756.83,125.89,376,352.8,36
736.53,0,175,352.4,37
659.1,11.82,307,356.6,34
613.26,146.49,355,368,33
537.45,208.19,311,356,32
430.47,586.93,171,323.8,33
307.14,584.1,128,323.6,33
184.09,541.74,91,318.8,31
76.3,300.76,68,310.6,30
18.3,0,21,291.4,37
0,0,0,290.6,41
0,0,0,280.2,41
0,0,0,278.8,46
0,0,0,286.8,48
0,0,0,277.8,44
0,0,0,273,44
0,0,0,290.6,49
39.13,0,2,298,52
116.91,0,10,315,55
229.64,3.49,83,318,57
349.43,138.81,189,326.4,59
468.84,85.41,246,336,56
570.87,17.53,254,320.6,45
655.9,464.57,279,321.4,36
653.33,1.32,249,329.8,38
682.91,19.32,330,340.2,34
550.58,5.24,283,349.4,33
483.84,0,132,346.8,34
407.52,0,77,348,32
311.89,0,122,351.6,39
212.35,0,97,350.4,48
124.95,83.05,134,351.8,46
55.38,0,46,348.8,37
14.98,0,18,341,37
0,0,0,353.8,40
0,0,0,352.4,42
0,0,0,338.4,45
0,0,0,342.8,50
0,0,0,350.2,55
0,0,0,357,61
0,0,0,355.85,63
35.39,0,2,356.4,67
105.19,0,11,354.6,69
206.59,0,22,353.8,71
317.49,0,33,353.4,71
431.58,0,86,356,72
531.33,0,168,359.6,66
605.56,0,185,360,56
647.54,0,196,357.6,48
666.83,0,155,356.8,41
586.38,5.22,284,353.2,38
550.98,19.41,302,348.6,46
493.72,87.89,312,341.2,44
407.48,349.59,237,333.8,40
305.37,9.12,157,320.8,42
197.73,0,70,310.2,41
94.3,26,67,310.8,39
23.23,0,24,309,38
0,0,0,302,44
0,0,0,308.6,48
0,0,0,312.4,51
0,0,0,313.6,53
0,0,0,289,53
0,0,0,285.4,53
0,0,0,283.2,57
42.01,0,2,284.8,70
118.85,236.14,64,286,67
234.9,506.96,90,279.6,77
365.74,621.09,113,289.6,73
499.27,713.26,126,282,66
614.91,805.49,121,289.2,58
697.54,853.26,121,288.2,50
705.85,922.56,98,291.8,44
695.09,913.42,107,301.2,39
679.16,942.89,89,313,37
627.02,874.78,113,311,35
551.98,858.87,103,305.8,34
448.55,795.24,104,301.8,34
330.89,673.06,108,307,33
210.51,342,125,308.8,33
99.52,117.79,79,307.6,34
22.15,0,24,285.8,35
0,0,0,283.8,37
0,0,0,272.8,39
0,0,0,267.6,49
0,0,0,267,60
0,0,0,264,64
0,0,0,264.2,63
0,0,0,264.6,64
35.7,0,2,269.4,66
88.97,5.82,48,265.4,67
159.55,163.09,128,276.6,74
219.23,711.15,91,268.2,74
284.93,755.43,112,270.8,65
331.38,820.27,116,275.4,58
158.94,853.71,121,280.6,53
356.12,924.14,97,281,53
373.64,914.95,106,283.6,65
439.87,942.98,89,288,59
461.74,859.8,121,288.4,62
358.57,797.71,130,290.2,60
284.38,797.17,104,295.2,47
207.67,687.18,106,294.6,51
128.99,640.85,77,291.2,54
63.43,499.67,54,290,46
24.74,0,24,287.8,43
0,0,0,281.2,47
0,0,0,278,46
0,0,0,275.8,48
0,0,0,274.8,45
0,0,0,276,49
0,0,0,275.2,53
0,0,0,276,51
41.38,0,3,277.8,49
85.38,378.54,57,279.4,53
152.95,630.49,71,284,58
228.09,686.09,98,289.4,64
293.52,756.31,113,292.2,61
331.85,791.04,128,289.8,43
442.9,546.17,252,298.2,39
516.15,419.75,322,309.4,40
628.58,848.99,141,316.4,38
664.01,893.94,115,315.8,42
612.01,560.58,252,309,53
527.7,627.17,198,301.6,42
424.48,699.06,139,300,39
310.75,627.31,122,302.4,36
197.35,521.43,100,299.6,49
95.73,273.73,76,299.6,55
27.15,0,26,299,60
0,0,0,297,58
0,0,0,297.4,61
0,0,0,305.4,60
0,0,0,307,61
0,0,0,311.8,52
0,0,0,324.8,49
0,0,0,308.2,51
64.82,0,3,307.6,56
155.65,5.66,51,308.2,57
273.78,0,61,312.4,57
407.24,279.75,184,319.2,56
527.27,511.71,189,326.8,55
626.58,599.02,202,334.2,54
703.39,546.19,253,343.2,49
764.7,735.77,191,348.4,49
748.63,0,151,356.6,43
751.61,16.8,321,374.2,39
674.23,0,84,384.2,36
572.05,0,71,384.6,37
451.97,0,80,379.8,37
323.41,0,65,366.4,35
200.98,0,57,354.6,35
94.66,93.29,82,343.8,34
27.25,0,11,336.8,36
0,0,0,314.8,37
0,0,0,288.4,39
0,0,0,274.4,43
0,0,0,270,48
0,0,0,268.8,50
0,0,0,267,52
6.99,0,0,265.4,51
45.52,0,3,263.8,54
132.97,301.86,64,262.4,54
242.88,624.93,73,263.6,55
366.16,715.05,92,268.6,58
480.77,730.65,122,278.4,59
580.45,337.78,284,302.2,55
650.41,384.63,310,298.4,45
729.52,203.06,380,323.4,39
561.75,20.3,334,334.4,36
656.47,3.87,280,315.6,33
591.92,8.2,279,329.4,31
506.82,39.42,294,329.2,32
404.03,234.12,264,332.4,33
287.2,8.87,163,320.6,36
178.61,18.23,123,320.2,35
83.34,101.79,84,321.6,36
23.73,0,18,334.2,39
0,0,0,329.8,45
0,0,0,329.6,72
0,0,0,306.4,78
0,0,0,308.2,81
0,0,0,306.6,80
0,0,0,301.6,83
6.84,0,0,288,86
49.33,0,3,286.6,88
149.16,0,42,279.8,90
274.8,214.66,130,280.4,91
408.6,531.04,138,282,83
536.7,595.21,166,285.2,70
640.88,807.94,122,288.4,66
727.48,841.2,128,292.6,60
788.46,909.22,106,298.4,55
782.12,933.23,97,297.4,44
738.26,945.51,88,294.6,38
679.52,877.82,114,294.4,31
579.16,863.14,103,291.2,34
456.44,830.43,94,288.2,30
321.13,747.59,91,285.6,31
194.8,663.34,75,283.2,33
80.23,512.27,57,280.6,36
25.67,331.64,26,278.6,37
0,0,0,275.8,38
0,0,0,272.6,46
0,0,0,271,53
0,0,0,269,55
0,0,0,267.4,52
0,0,0,266.6,51
5.85,0,0,267.4,50
29.34,0,3,266.2,55
96.67,103.83,73,271.6,61
189.4,682.73,63,272.2,63
300.6,758.21,81,279.6,63
422.8,788.76,103,285.4,63
535.19,838.63,110,289.8,60
629.59,857.43,120,295,69
687.97,860.71,131,300.2,71
738.04,866.89,133,303.2,72
725.45,946.02,88,304.6,59
679.87,878.38,114,306.4,51
578.27,880.21,96,307.6,45
461.96,816.82,99,308.8,44
333.72,763.68,87,309.6,43
211.27,676.6,73,308.8,40
101.17,544.09,54,308,48
30.23,312.3,28,305.6,48
0,0,0,300.2,50
0,0,0,297.4,53
0,0,0,296.4,55
0,0,0,295.6,67
0,0,0,295,70
0,0,0,294.6,73
7.89,0,0,293.8,77
62.38,0,3,293,77
165.23,508.41,49,293.4,82
289.35,685.34,63,295.8,86
417.84,704.03,96,299.8,78
540.85,775.49,108,304.8,63
643.02,808.75,123,313.6,60
717.06,825.22,136,319,55
669.09,860.35,131,323.8,51
573.34,884.13,124,327,44
599.12,946.61,88,329,44
560.58,879.03,113,329.6,50
499.15,832.65,118,328.8,55
412.85,787.63,110,328.2,47
311.16,736.06,96,325.6,46
205.23,669.01,75,317.76,43
111.7,458.43,65,313.46,46
38.22,233.36,32,309.16,47
0,0,0,304.86,51
0,0,0,300.56,54
0,0,0,296.25,55
0,0,0,291.95,57
0,0,0,287.65,56
0,0,0,283.35,57
7.36,0,0,279.05,64
54.17,241.32,22,274.75,60
142.62,48.21,69,270.44,56
253.7,214.24,131,266.14,54
370.95,74.33,191,261.84,54
485.3,388.54,221,257.54,53
581.27,422.86,259,253.24,50
653.02,277.77,338,297.6,47
755.27,91.69,377,281.6,45
798.61,138.48,394,281.4,42
570.02,33.24,348,273.8,39
537.29,347.84,327,274.8,39
478.73,428.69,267,265.4,40
395.25,8.74,211,264.8,40
298.13,0,68,262.4,38
202.7,35.45,134,266.8,37
106.09,472,63,275.4,37
35.09,267.4,32,260.8,38
0,0,0,258.2,37
0,0,0,262.8,35
0,0,0,279.2,34
0,0,0,258,37
0,0,0,257.6,39
0,0,0,257.8,41
7.92,0,0,250,46
56.61,0,6,242,49
139.38,387.58,61,235.8,52
236.12,603.97,77,237.2,54
336.87,641.29,110,239.8,54
437.66,415,215,250.8,57
523.64,105.11,310,253,57
584.5,201.4,352,278.2,55
616.03,162.44,383,282.6,67
632.3,15.08,325,280.6,61
630.7,0,197,295.6,51
573.11,1.35,244,319.4,53
496.6,0,199,311.8,53
393.78,1.74,177,312.4,54
285.44,6.49,162,305.2,52
182.54,26.42,130,296.4,56
90.86,4.58,62,306.4,51
28.68,58.08,35,291,52
0,0,0,281.8,56
0,0,0,261.2,59
0,0,0,251.4,61
0,0,0,251,61
0,0,0,253,65
0,0,0,252.6,63
6.14,0,0,251,63
42.01,0,16,244.2,57
113.77,437.03,57,243.6,59
206.87,28.93,118,245.6,60
311.8,505.44,143,248,61
423.86,735.06,118,250.8,60
520.96,811.55,117,257.4,59
602.12,860.71,114,261,55
659.18,880.39,115,263.8,50
602.67,871.97,124,260.6,45
586.62,899.22,107,266,43
541.66,882.78,106,266,43
467,776.99,137,265.2,45
372.2,776.47,111,268.4,39
268.45,711.4,101,268.4,39
169.41,577.71,93,266.2,40
82.21,485.24,63,266,41
29.03,246.37,34,263.8,47
0,0,0,260.4,49
0,0,0,262.4,48
0,0,0,266.8,51
0,0,0,281.2,66
0,0,0,292.2,77
0,0,0,305,80
5.7,0,0,305,84
33.23,0,4,309.6,86
84.76,0,13,304.4,89
166.85,0,23,299.4,90
268.15,0,119,289.6,91
386.93,203.85,257,272.2,93
495.38,768.54,135,270.4,94
591.61,739.74,170,280.6,92
664.95,756.97,177,296.4,83
631,732.81,195,274,74
544.13,680.26,216,285.6,65
537.31,239.43,356,293.8,60
387.53,299.05,306,286.6,54
321.34,405.25,232,292.6,51
237.16,109.5,214,289,54
157.95,162.45,152,310,50
83.41,143.77,91,321.2,51
32.9,0,17,319.8,54
0,0,0,321,58
0,0,0,313.2,60
0,0,0,325.2,63
0,0,0,335.8,69
0,0,0,336.4,74
0,0,0,344.8,74
7.84,0,0,331.65,64
47.23,0,4,330.8,66
133.26,0,13,331.4,67
244.7,0,24,331.8,71
370.35,0,74,334.6,73
499.77,5.45,192,337.8,73
618.36,0,200,341.8,62
734.21,1.37,235,343.2,65
749.22,0,208,347.2,59
776.45,0,167,352,50
754.35,0,177,353.8,48
709.19,0,218,355.8,44
620.02,0,183,356.6,42
507.59,0,88,362.4,41
380.97,0,86,361.4,42
249.03,0,56,356.2,42
127.93,4.45,63,357.8,40
44.07,0,23,350,51
0,0,0,348.4,55
0,0,0,335.6,57
0,0,0,305.6,65
0,0,0,293.8,69
0,0,0,286,71
0,0,0,283.4,69
6.7,0,0,284,63
40.05,0,4,282.2,68
101.28,113.42,78,281.8,71
179.52,501.95,97,282.8,72
265.1,682.35,101,283.6,75
346.1,750.66,114,290.2,73
422.1,813.74,116,301.6,71
510.48,754.12,164,295.8,69
528.23,786.94,163,312.8,65
506.36,600.82,258,320.4,62
515.2,398,336,316.2,50
454.33,266.7,352,342.4,57
397.1,131.83,327,350.4,55
320,440.88,223,336.2,56
236.3,688.35,109,335,53
151.61,614.18,88,334.8,56
77.83,463.62,68,313.2,57
28.77,214.87,38,321,58
0,0,0,302,62
0,0,0,297.4,68
0,0,0,293.6,72
0,0,0,292.4,76
0,0,0,291.6,83
0,0,0,291,84
9.13,0,0,290,79
60.75,0,4,287.8,77
161.58,379.28,65,287.2,68
287.17,576.3,85,287.4,63
422.05,669.44,105,290.2,63
552.8,722.29,124,294.8,62
677.05,783.51,129,297.4,61
736.45,799.75,143,302.6,55
770.16,848.71,132,305.8,46
802.7,857.04,132,307.4,43
777.85,804.99,157,309.2,43
722.22,598.07,239,312.8,40
635.57,475.98,256,317.2,37
525.61,424.27,229,322.6,37
395.51,99.82,216,328.8,39
262.32,125.65,155,338.8,41
138.85,0,32,343.8,43
49.88,0,6,346.4,45
0,0,0,355.2,44
0,0,0,351.6,43
0,0,0,357.4,51
0,0,0,356.2,60
0,0,0,350.2,66
0,0,0,362.2,69
9.88,0,0,361.45,71
63.16,0,4,364.2,74
163.29,0,13,362,76
286.11,0,24,363,78
416.08,0,65,364.2,76
538.83,0,68,362.6,59
645.78,0,127,357.4,50
725.35,0,146,353,41
722.48,1.28,260,354.4,35
704.05,1.25,272,357.2,32
649.47,3.79,279,356.8,31
576.82,0,219,361.6,35
481.37,0,152,353,33
374.09,89.1,274,347,35
264.55,0,134,339.4,38
162.65,349.61,137,325.6,42
80.78,260.84,89,316.2,48
30.41,52.02,39,309.4,53
0,0,0,302.2,66
0,0,0,296.4,69
0,0,0,291.4,68
0,0,0,289.4,69
0,0,0,304.8,72
0,0,0,293.4,69
10.39,0,0,301.4,73
59.57,0,4,328,62
153.68,0,13,336,60
273.2,0,51,339,62
404.34,88.78,199,330.6,63
533.72,417.01,217,320.8,62
651.46,289.12,298,342,60
748.09,125.72,359,359.6,55
796.41,338.5,352,354.2,49
827.02,232.75,390,356.2,44
791.41,92.16,387,332,40
727.68,473.52,289,326.8,35
636.13,558.14,227,341.8,34
520.08,569.26,186,343.6,32
391.41,523.32,155,319.6,31
260.3,574.44,98,328.8,36
138.62,90.65,94,319.8,39
51.43,205.11,41,297.8,46
0,0,0,300.2,47
0,0,0,290.8,44
0,0,0,292.2,47
0,0,0,287.8,52
0,0,0,286.2,52
0,0,0,286.8,53
9.7,0,0,284.8,62
50.59,0,4,283.8,73
135.61,136.45,80,284.6,75
246.73,634.65,75,287.8,70
371.96,711.44,94,292.2,68
500.23,766.35,109,297.4,60
617.52,814.56,116,299.8,49
713.14,862.86,113,302.4,36
739.38,865.26,124,304.8,34
801.22,840.53,142,309.4,31
780.95,805.75,157,330.2,31
732.67,853.82,122,327.4,29
627.05,793.87,132,326.8,27
505.48,559.48,189,342.2,26
369.77,336.63,198,315.4,24
238.91,197.25,156,315.8,21
121.66,77.18,94,310.4,28
52.45,59.03,40,314.6,28
0,0,0,315.4,31
0,0,0,313.6,35
0,0,0,322.4,38
0,0,0,322,44
0,0,0,323,54
0,0,0,324.4,56
8.37,0,0,310.45,55
47.79,0,4,312,59
133.63,0,44,321.8,65
242.78,21.95,120,324.8,69
367.38,127.12,202,321.8,68
498.16,99.08,260,329.6,64
619.67,45.81,294,338,54
719.4,47.75,335,331.8,42
779.17,224.42,381,332.6,35
803.05,45.96,371,342.4,34
784.91,0,239,354.2,34
730.69,26.61,324,370.8,33
632.35,0,85,366.6,35
511.46,657.05,157,367.2,34
373.88,616.86,132,359.4,34
239.86,575.4,99,355.2,32
121.26,17.05,80,326.2,30
45.55,258.18,40,307,27
0,0,0,302,28
0,0,0,300.6,30
0,0,0,300.4,38
0,0,0,306.8,44
0,0,0,310,55
0,0,0,315.4,75
9.56,0,0,320.85,76
59.05,0,4,341.4,77
161.63,0,13,361.4,70
288.32,0,24,365.6,70
423.98,0,36,368.4,63
556.61,0,68,368.4,56
669.98,0,173,369.4,44
738.25,0,162,370.4,37
799.07,0,236,373.6,33
789.73,0,172,377,31
797.66,0,139,382.4,30
741.4,0,131,385.4,28
617.94,0,109,386.4,33
517.38,0,82,386.2,31
399.09,0,109,383.6,30
273.23,0,104,373,28
150.29,0,0,356.2,28
59.41,82.34,44,340.6,29
0,0,0,333,31
0,0,0,308.2,31
0,0,0,305.6,33
0,0,0,313.6,36
0,0,0,312.4,40
0,0,0,305,45
11.86,0,0,305,49
71.63,0,4,311.4,51
177.41,0,13,292.2,57
303.36,0,24,297,64
434.97,2.27,140,321.2,68
559.43,0,140,344.2,58
666.48,0,0,355,47
721.28,163.49,360,347,38
797.58,194.83,386,332.8,33
783.53,246.82,388,339.6,29
666.91,0,0,344.4,29
717.48,146,370,333.2,35
619.59,144.89,333,320.6,33
502.3,335.78,255,337.4,32
370.49,2.09,150,336,30
243.35,16.72,132,340,29
129.14,0,65,371.4,28
44.67,0,28,370.4,30
7.21,0,0,361,32
0,0,0,362.4,32
0,0,0,359.6,33
0,0,0,356.8,34
0,0,0,351.6,42
0,0,0,347.2,46
12.33,0,0,335.65,53
72.63,0,5,294.6,58
178.34,304.91,73,285.4,64
304.27,490.35,101,275.4,73
435.92,636.24,114,278,66
562.55,622.07,158,291,52
672.8,813.99,117,282,41
757.04,847.04,121,287.4,36
805.56,866.7,123,297,32
787.92,889.94,116,305,31
758.85,821.57,149,301.8,37
696.83,853.88,123,306.8,35
610.62,811.22,125,328.6,33
500.08,768.65,118,326.8,27
371.27,683.23,114,329.8,27
244.23,472.29,120,330.6,32
127.94,167.73,99,324.8,35
43.51,145.25,45,320.6,36
6.98,0,0,289.2,42
0,0,0,287,52
0,0,0,285,64
0,0,0,283,65
0,0,0,283.8,57
0,0,0,281.4,73
10.38,0,0,283.6,75
50.98,0,5,280.6,72
132.38,249.57,77,281.6,73
241.67,527.46,95,283,72
366.62,647.28,112,286.2,66
493.77,724.3,124,289.8,58
614.56,800,123,295,47
710.39,831.75,128,298,38
762.02,758.18,178,300,33
769.02,841.13,142,302.4,35
739.95,869.94,124,305.2,32
678.34,903.44,98,310,27
567.46,811.74,125,312.2,27
439.66,797.9,107,307,26
305.41,708.86,107,305,24
188.48,637.12,88,307,24
93.23,530.15,65,309.4,22
33.91,319.99,39,306.2,26
7.02,0,0,301.2,33
0,0,0,298.6,38
0,0,0,304,48
0,0,0,297.6,45
0,0,0,297,44
0,0,0,294.2,43
9.88,0,0,295.6,44
40.34,0,5,298.4,50
105.92,0,29,293,58
195.49,539.74,93,299.6,58
306.6,599.62,124,298,54
427.59,600.18,165,300.4,48
546.06,481.43,244,306.4,39
652.62,628.75,220,312.4,36
732.48,850.73,131,314,32
725.62,858.06,133,322.4,32
603.39,265.96,379,340.8,32
576.3,578.42,249,333.6,33
521.74,708.79,170,341.8,32
438.05,685.38,149,335.6,30
329.59,14.52,184,339.2,29
217.49,165.77,161,338,33
114.54,112.25,100,332.4,34
38.73,0,12,331.2,33
6.64,0,0,317.4,36
0,0,0,314.6,38
0,0,0,316.2,40
0,0,0,315.8,41
0,0,0,312.8,51
0,0,0,313.8,61
9.99,0,0,316.85,58
46.8,0,5,311.4,68
120.07,403.8,65,314.6,68
215.54,162.22,140,316.8,65
324.2,395.97,171,319,56
436.45,328.83,240,324.2,46
546.16,648.96,184,317.4,36
653.07,687.16,195,327.4,30
679.04,553.02,273,336.4,30
705.84,401.02,343,337,31
669.76,669.57,224,350.4,32
618.35,611.07,236,347.4,28
540.15,581.35,221,347.6,27
404.28,322.03,259,356.4,25
291.07,97.35,222,344.2,24
192.98,184.66,161,348.2,27
99.38,140.83,100,357.4,25
35.82,0,7,350.4,26
6.3,0,0,343.2,31
0,0,0,341,33
0,0,0,332.4,33
0,0,0,306.4,33
0,0,0,298.8,41
0,0,0,297.2,58
10.38,0,0,297.6,57
52.18,0,5,303.6,46
138.52,0,23,309.4,45
253.22,0,42,319.6,45
380.57,267.05,193,320.2,45
503.77,102.44,261,326,44
612.14,105.12,315,340.4,41
696.24,130.62,360,346.4,39
733.32,194.48,387,357.8,36
724.12,121.26,400,361.8,31
719.95,129.09,395,355.8,26
647.78,141.44,372,358.8,25
550.71,132.48,333,363.6,26
437.33,0,0,365.6,32
314.97,6.2,169,357.4,31
201.86,13.75,132,356.4,29
104.76,8.26,79,349.6,29
36.29,0,7,347.2,30
6.59,0,0,351.4,31
0,0,0,342.8,31
0,0,0,348.8,31
0,0,0,334,32
0,0,0,318.4,35
0,0,0,312.4,38
11.82,0,0,314.05,41
67.21,0,5,309.6,44
169.17,0,13,305.8,46
292.09,0,24,315.4,48
422.95,0,99,314,49
537.86,7.19,199,321,47
590.45,560.71,217,342.4,40
732.52,605.5,230,347.8,35
747.2,92.78,383,355,31
804.84,546.78,285,338.6,28
782.97,577.57,267,331.6,29
725.73,733.24,181,331.2,27
641.65,592.08,217,326.6,28
532.44,511.46,208,315.6,27
406.47,673.33,118,311,27
276.77,678.04,79,306,25
153.98,366.39,86,302.2,24
55.98,280.57,43,296.8,24
7.53,0,0,293.8,25
0,0,0,290.8,28
0,0,0,288.4,31
0,0,0,287.6,34
0,0,0,290.4,37
0,0,0,309,39
11.97,0,0,313.05,40
65.49,0,5,335.2,43
163.93,0,13,346.8,45
284.88,0,24,357.4,46
415.13,0,36,355.4,45
541.74,0,140,358,43
653.89,0,109,375.2,41
722.39,14.97,295,375.6,33
779.79,0,158,379.2,28
809.02,164.51,400,337.2,25
766.34,373.25,348,317.6,26
688.74,0,181,303.8,25
591.92,0,176,306.2,24
468.41,0,114,307.2,24
333.63,245.5,218,312.6,25
210.73,87.7,161,324.8,24
105.91,65.71,99,328.2,24
37.56,0,25,340.4,25
7.12,0,0,304.4,26
0,0,0,303.8,30
0,0,0,283.8,36
0,0,0,284.4,43
0,0,0,276.6,41
0,0,0,275.8,39
10.5,0,0,276.6,46
52.88,0,5,276.6,44
134.36,530.36,51,279,43
240.94,638.13,74,285.2,45
360.45,736.85,87,290.2,49
482.18,590.22,168,302,49
596.09,373.55,277,308.6,44
688.34,272.24,344,294.8,39
748.02,133.47,389,305.6,36
735.83,30.92,358,312.8,32
683.24,40.07,363,304.6,28
613.4,170.3,372,310,27
527.19,252.84,323,310.2,30
418.85,455.23,225,298,28
308.75,6.18,170,302.4,27
201.42,443.38,128,319.2,27
106.57,434.43,79,307,30
35.61,402.06,37,308.4,30
6.36,0,0,307,31
0,0,0,306.2,36
0,0,0,298.4,41
0,0,0,286.8,44
0,0,0,281,44
0,0,0,281.8,47
9.73,0,0,279,51
36.71,0,5,277.6,56
81.62,0,13,277.4,60
125.45,0,24,280,62
156.58,261,193,300.4,62
172.12,527.62,187,293.4,61
227.79,698.68,164,314.2,63
164.89,800.66,143,314.2,63
232.34,865.8,124,297,90
250.43,810.19,158,295.6,88
287.07,853.99,133,297.8,87
306.54,886.93,106,305.8,92
305.14,811.98,126,302.8,91
279.57,785.71,113,309.6,87
229.42,739.31,99,290.4,89
167.89,656.13,85,289.4,73
97.51,568.76,61,285,71
41.18,408.67,36,284.4,75
7.05,0,0,287.2,70
0,0,0,286.8,70
0,0,0,285,71
0,0,0,277.6,75
0,0,0,290.2,80
0,0,0,285,84
11.21,0,0,272.6,87
64.39,213.78,29,273.2,87
163.23,452.52,59,270.4,89
283.57,508.35,98,270.4,90
409.64,683.96,101,275,88
529.41,710.12,128,284.6,83
635.53,415.2,265,294.8,70
720.64,433.21,296,296.6,63
774.24,423.49,324,332.6,57
789.49,295.67,377,334.8,51
773.43,588.53,262,326.8,43
701.66,748.25,174,331,39
599.21,827.73,119,326.2,37
478.41,787.05,112,333,38
348.74,740.92,98,333.4,39
226.98,595.48,98,329.4,42
120.62,453.64,77,328.4,44
42.6,153.92,48,328.8,48
7.12,0,0,329.6,52
0,0,0,331.2,55
0,0,0,311.2,62
0,0,0,290.6,68
0,0,0,278.6,76
0,0,0,287.4,77
12.53,0,0,294.8,71
73.77,0,4,301.2,61
175.67,0,13,306.2,66
291.67,18.87,116,310.2,63
409.42,279.89,190,314.2,62
517.48,187.64,261,324.2,62
607.68,768.4,136,315.6,58
724.11,245.34,349,308,54
720.84,124.68,388,317.2,55
765.29,116.31,400,347.4,54
758.31,13.78,322,347,50
696.98,0,222,351.2,51
609.95,0,135,355,50
501.57,0,133,356.6,49
379.48,0,86,356.4,49
257.23,0,45,356.4,50
143.34,0,21,358.6,51
53.08,0,24,360,52
7.22,0,0,358,55
0,0,0,364.4,57
0,0,0,364.2,61
0,0,0,352.4,65
0,0,0,346.4,69
0,0,0,346,70
9.32,0,0,313.45,68
41.49,0,4,317.4,66
100.12,126.57,80,323,66
170.87,570.44,86,308.8,64
258.78,672.36,104,297.8,61
344.57,709.88,128,299.8,63
422.17,356.25,282,314.8,63
484.85,388.71,310,303.8,62
544.15,414.93,327,341.4,60
638.03,138.63,401,327.2,57
605.04,103.96,392,342.4,53
550.86,296.93,350,338.6,55
471.18,489.27,256,327.2,52
376.46,410.96,238,314.2,47
272.82,100.78,224,317.6,47
176.53,5.46,123,315,46
91.97,8.16,77,330.6,48
35.43,0,13,341.8,53
6.13,0,0,346.2,61
0,0,0,340.6,67
0,0,0,348.8,67
0,0,0,359.2,72
0,0,0,343.8,75
0,0,0,310.6,80
9.74,0,0,299.8,84
48.3,311.23,25,316.6,87
128.37,86.44,79,296.2,90
235.55,353.91,121,301.8,93
356.16,0,111,302.6,97
479.45,3.62,185,301.2,94
593.53,0,103,312.2,80
663.67,105.1,356,310,66
658.91,3.82,280,353,60
644.7,0,139,322.8,61
641.89,0,175,337.8,61
600.34,122.75,372,328.4,59
528.03,33.39,302,334,58
433.29,221.41,280,331,55
323.52,0,40,337.8,49
215.8,0,29,341.4,50
116.62,12.25,80,325.8,44
43.16,7.69,38,314.4,47
6.82,0,0,300.2,52
0,0,0,294.8,56
0,0,0,290.4,61
0,0,0,307.4,72
0,0,0,307.2,75
0,0,0,301,80
9.57,0,0,298.2,84
45.95,0,4,305.2,85
116.03,449.57,59,299.8,87
209.54,101.41,137,301.2,88
315.97,212.77,197,298.2,85
424.97,152.16,262,302.6,80
524.22,167.01,315,320,72
612.16,96.99,355,311.6,64
615.33,30.58,346,317,57
658.94,121.41,399,314.8,54
605.38,208.05,390,318.4,56
511.08,254.81,360,303.4,50
435.81,181.53,333,315.2,46
342.84,43.62,264,318.8,47
244.14,26.74,197,334.4,44
155.58,92.8,162,325.8,43
81.58,310.4,93,323.4,52
29.98,84.71,47,305.8,51
6.86,0,0,323.8,57
0,0,0,311,56
0,0,0,301.2,60
0,0,0,294.2,63
0,0,0,293.8,66
0,0,0,286,71
9.65,0,0,286.2,76
54.29,212.22,28,298,81
140.24,508.44,52,288.2,84
249.92,658.11,69,287.2,86
367.67,722.28,90,284.6,82
480.91,763.82,109,287,75
584.03,739.41,146,296.4,62
658.98,560.62,247,301,56
720.3,257.6,373,309.8,51
708.63,233.04,391,319.8,43
682.45,168.02,395,315.8,43
630.46,747.52,174,310.2,48
549.7,797.49,132,306.8,47
446.53,802.11,106,301.4,45
329.88,713.95,107,301,43
215.34,655.36,86,289.4,41
113.04,568.21,62,286.8,43
39.84,385.89,39,283,41
6.68,0,0,280,47
0,0,0,275.4,51
0,0,0,272.8,57
0,0,0,270.4,60
0,0,0,269.4,66
0,0,0,271.2,69
9.84,0,0,272.2,81
60.1,35.84,26,270.6,82
154.3,454.57,57,271.6,88
270.62,599.8,80,275.6,84
394.3,643.57,110,281.8,80
511.46,721.55,123,288.4,77
612.06,752.69,141,291.8,75
697.45,662.5,204,296.6,64
738.65,816.84,148,305.4,57
741.73,840.99,141,310.2,59
706.19,761.51,179,312.2,54
655.3,762.4,167,315.4,54
578.06,752.77,152,314.8,47
478.12,728.58,134,315.2,39
363.1,636.08,129,313.8,48
244.97,541.07,110,313,47
132.38,507.56,70,314,51
47.73,139.35,48,316.6,56
7.18,0,0,307.8,58
0,0,0,306.8,57
0,0,0,313.4,62
0,0,0,318.6,71
0,0,0,329.2,74
0,0,0,340.4,77
9.52,0,0,348.45,80
52.62,0,4,353.6,75
155.42,0,13,359.6,82
267.42,0,23,360.4,82
383.27,0,35,355.4,75
492.73,0,81,361.6,70
585.91,0,141,357.6,63
653.49,0,144,362,59
725.28,0,137,367.4,53
741.53,0,168,372.4,48
685.2,0,149,373.6,48
611.48,0,136,374.6,45
512.4,0,136,372.6,45
402.62,0,102,377.2,44
290.28,0,87,377.4,39
185.68,0,93,380.32,41
96.37,0,52,377.26,38
35.27,15.54,40,374.2,42
6.27,0,0,371.14,47
0,0,0,368.08,49
0,0,0,365.02,49
0,0,0,361.96,63
0,0,0,358.9,77
0,0,0,355.83,84
7.23,0,0,352.77,88
29.53,0,4,349.71,88
63.25,0,12,346.65,88
109.52,93.67,133,343.59,92
159.46,0,54,340.53,92
207,1.83,165,337.47,89
262.2,0,186,334.41,82
251.44,0,82,343.6,92
304.93,0,236,349,93
371.55,0,170,352.4,89
439.55,1.26,254,345.6,80
478.15,0,115,353.8,68
393.8,301.4,309,332.4,77
326.78,499.65,209,340.2,61
246.74,400.41,187,329.6,62
166.09,608.98,94,338.6,60
91.14,201.88,99,327.2,61
33.99,117.82,47,343,65
6.25,0,0,340.2,67
0,0,0,345.6,65
0,0,0,345.8,65
0,0,0,346.4,68
0,0,0,340.4,71
0,0,0,339.8,73
7.45,0,0,356.25,77
38.98,0,4,352,80
95.52,0,12,351,86
154.09,0,80,336.4,89
202.51,109.29,192,323.4,86
246.83,20.16,214,331.4,79
262.08,17.01,258,334,73
224.75,16.51,293,332.8,70
289.31,7.69,291,343.2,71
310.74,0,238,362.8,75
288.85,0,209,373.2,82
265.5,41.08,336,371.6,93
229.76,24.77,286,371,92
188.62,0,115,376,88
119.2,0,121,360.2,89
83.12,0,90,365.4,90
47.77,136.38,100,370,84
19,189.76,46,373.8,82
6.15,0,0,374.2,93
0,0,0,362.6,92
0,0,0,335.6,87
0,0,0,331.2,91
0,0,0,320.6,94
0,0,0,304.8,89
7.39,0,0,305.8,92
36.52,0,4,302.6,92
85.8,385.94,61,302.8,95
146.17,554.43,86,304.2,93
216.31,657.94,105,301.2,93
284,549.42,177,305.8,92
344.35,238.56,304,322.2,92
392,367.92,314,336.2,91
412.46,709.67,200,339.4,86
434.95,679.15,222,334.4,90
518.94,676.45,221,338,87
469.3,324.95,341,334.6,89
401.19,369.08,294,328.8,89
314.71,269.75,271,326.6,77
227.01,496.71,167,318.8,87
145.46,481.94,121,305.8,84
76.14,547.42,64,309.8,87
26.28,390.34,37,303.2,83
6.09,0,0,298.4,80
0,0,0,305.2,93
0,0,0,316.4,88
0,0,0,327.6,85
0,0,0,324.2,94
0,0,0,318.8,90
7.55,0,0,311.45,89
44.97,0,3,296.2,88
117.91,0,12,305.8,88
213.04,380.32,108,310.4,92
318.27,121.76,190,318.8,93
427.77,208.19,246,329.6,89
521.13,253.01,292,330.6,79
627.83,191.85,344,349,84
617.36,1.29,256,365.6,77
682.08,0,236,367,71
668.27,0,229,376.6,66
592.47,0,191,376.8,58
499.54,1.46,224,374.8,57
395.46,0,99,375.8,53
284.88,0,131,376.8,60
182.26,0,77,380.4,74
88.9,0,64,379.6,83
32.91,168.71,45,383.6,91
6.44,0,0,381.6,89
0,0,0,377,80
0,0,0,379,85
0,0,0,383.6,89
0,0,0,382.2,89
0,0,0,381.4,89
6.96,0,0,381.85,93
44.2,0,3,383.2,92
107.46,0,12,383,91
174.04,0,81,382.6,92
235.73,7.05,142,384.4,90
298.41,5.54,189,385.6,91
341.28,23.33,263,361,89
366.56,6.91,265,363.2,80
360.91,196.9,372,380,81
403.66,374.77,338,374.8,88
371.89,34.09,346,379.2,78
372.27,134.26,363,386.6,75
345.62,0,164,374.4,76
306.84,0,159,374.4,69
247.41,0,98,372.6,63
180.1,30.45,141,386.4,62
105.86,0,53,385.4,59
45.78,0,10,387,61
0,0,0,391.6,65
0,0,0,394.05,68
0,0,0,385.6,72
0,0,0,376,77
0,0,0,336.2,82
0,0,0,362.8,85
7.12,0,0,363.25,89
36.64,0,3,336,90
86.12,0,12,340.4,89
137.54,152.56,131,326.8,87
185.32,75.51,189,320.8,84
229.67,329.8,232,325,78
251.39,445.89,250,334,73
215.52,2.77,247,334.8,66
174.05,0,241,330.2,65
290.48,0,254,332.4,64
216.65,128.95,391,334.6,53
192.57,7.99,288,319.2,62
240.55,369,293,326.6,67
203.91,433.49,231,322.8,77
153.52,337.16,202,326.6,76
107.95,624.61,91,324.8,81
62.05,516.9,67,318.2,68
28.64,352.39,38,332.4,70
0,0,0,319,74
0,0,0,317.2,73
0,0,0,328.2,77
0,0,0,327,83
0,0,0,301.6,84
0,0,0,314,81
6.95,0,0,318.65,86
49.38,0,3,303.6,88
132.74,0,12,325.4,91
234.11,6.67,93,329.2,93
337.27,137.43,192,331,92
435.1,263.91,242,345.2,88
517.38,110.95,305,324.6,81
576.38,119.35,350,361.8,75
584.91,160.09,381,349,64
567.25,6.26,300,339.6,59
528.33,35.45,351,361.6,61
522.89,291.9,346,346.2,59
402.17,390.08,284,346,62
321.38,200.16,278,335,67
235.21,12.52,178,342.4,62
155.09,311.93,146,321.6,67
82,232.37,95,334.2,65
34.43,223.81,43,330.4,63
0,0,0,315.4,68
0,0,0,302,66
0,0,0,304.4,71
0,0,0,304.4,73
0,0,0,294,80
0,0,0,287.2,82
6.31,0,0,284.6,84
38.47,14.9,15,285.2,85
107.65,265.12,66,286.2,93
205.79,473.62,94,290.4,92
317.07,654.48,101,292,89
430.47,684.24,129,304.8,88
524.76,704.98,153,309.4,89
596.45,251.7,337,340.8,79
641.94,196.58,376,341.4,73
649.8,382.69,341,335,71
600.98,0,149,339.8,63
549,0,177,348.8,59
471.63,267.33,314,350,58
381.57,6.8,211,350.2,61
278.55,324.12,200,344.6,64
184.29,120.18,158,323.2,72
97.49,560.96,59,322.2,67
39.95,293.78,39,316.2,66
0,0,0,313.2,69
0,0,0,310.4,76
0,0,0,299.4,74
0,0,0,291.4,79
0,0,0,289.2,81
0,0,0,284.6,78
7.19,0,0,287.6,86
48.13,0,3,286.2,88
118.92,0,19,297.8,85
190.32,175.86,128,292.2,86
256.57,339.49,170,300.8,84
308.68,654.73,141,308.4,81
340.96,551.31,213,306.2,80
348.95,444.54,285,313.4,77
391.23,0,130,331.4,75
412.82,111.85,392,353,76
323.59,0,172,358.6,77
326.36,28.08,324,323.2,78
285.8,665.09,186,329.6,72
236.53,619.92,171,334.6,60
189.62,580.79,143,327.4,58
125.62,597.62,96,330.6,56
69.93,474.71,71,312.4,58
28.71,306.31,39,312.2,59
0,0,0,304.4,59
0,0,0,294.4,61
0,0,0,288.4,63
0,0,0,291.6,70
0,0,0,294.8,78
0,0,0,289.8,79
7.23,0,0,293.4,79
49.3,0,3,288.4,76
137.27,271.72,64,288.6,75
247.14,258.87,120,292.8,77
362.76,650.99,101,295.8,70
476.64,670.15,133,297.6,60
573.51,412.63,254,303,54
641.16,277.93,331,302,49
685.27,469.91,297,310.4,47
752.98,176.25,390,309.6,49
714.36,287.44,365,339.6,47
646.66,178.12,363,335.8,44
554.68,32.43,295,341.4,45
446.97,167.28,278,333,42
326.68,111.45,219,332.8,39
210.72,25.36,137,345.8,39
109.01,103.34,96,355.2,40
38.77,276.32,39,344,47
0,0,0,329.2,43
0,0,0,335.2,44
0,0,0,345,45
0,0,0,326.2,49
0,0,0,331.8,51
0,0,0,349.4,59
0,0,0,349.85,69
43.38,0,3,341.4,80
117.42,0,18,343.8,76
224.13,0,76,342.2,74
344.91,0,61,361.2,69
472.03,0,98,366.4,66
589.04,90.02,297,369.4,64
682.12,14,283,350,63
683.23,0,202,322.4,63
734.08,0,219,338.4,60
715.63,39.5,352,342.2,51
665.79,0,123,357.6,49
584.55,0,118,347.2,45
482.07,0,123,356.2,49
360.91,27.42,190,358.2,46
237.73,0,91,365.4,42
125.66,13.01,77,359.4,41
46.42,175.47,42,355,40
0,0,0,339.2,41
0,0,0,320.8,44
0,0,0,308,43
0,0,0,310,45
0,0,0,299,54
0,0,0,307,55
0,0,0,292.8,54
44.65,0,2,290.6,56
120.2,285.15,61,290.8,55
229.67,529.14,83,290.4,59
354.34,650.33,100,293.8,66
487.69,737.51,110,297,67
611.38,774.58,124,303.4,63
681.98,823.72,124,307.2,54
766.16,479.66,292,312,54
791.85,391.73,336,328.2,53
770.24,26.81,337,322.4,51
718.91,0,147,355.6,48
612.72,105.1,324,342,44
487.59,188.69,275,333,39
354.3,0,42,319.4,36
225.48,372.48,134,325.4,37
115.23,367.23,80,326.2,36
39.14,258.84,38,326.8,36
0,0,0,301.2,37
0,0,0,302,40
0,0,0,300.8,44
0,0,0,294.2,49
0,0,0,296.2,44
0,0,0,302.6,43
0,0,0,300.4,51
43.45,0,2,308.4,69
125.14,0,23,312.2,76
239.72,69.73,120,322.2,81
358.73,212.25,184,308.6,79
473.1,320.84,228,318.4,71
622.92,263.75,291,354.4,68
577.93,5.63,260,361.6,60
536.91,181.57,377,360.6,46
521.95,189.93,389,358.4,39
429.17,606.24,250,341,37
418.57,757.02,168,336,44
389.79,775.96,140,333.2,49
324.95,722.41,134,313.2,46
255.45,702.99,108,314.8,48
176.42,631.58,87,306.6,57
112.45,454.08,71,303.6,72
42.88,300.03,36,306.2,74
0,0,0,313.4,70
0,0,0,315.6,69
0,0,0,320.8,73
0,0,0,313.6,78
0,0,0,294,80
0,0,0,289,81
0,0,0,287.4,84
46.76,0,2,284,86
124.64,391.75,53,279.4,89
226.59,646.93,65,281.6,90
328.33,672.17,98,283.2,90
427.99,636.65,147,286.2,92
512.87,765.05,135,300.2,90
601.96,739.08,169,301.2,84
609.22,818.28,149,305.2,76
602.84,723.25,202,305.6,66
581.23,647.22,235,311.6,59
524.47,660.1,215,328.2,76
444.42,815,127,321.8,85
348.41,745.2,129,306,78
247.7,686.45,114,332,61
154.72,629.25,89,311.2,82
76.76,507.08,66,301.2,77
26.88,259.67,37,299.8,70
0,0,0,298,73
0,0,0,294.8,72
0,0,0,293.2,78
0,0,0,291.8,82
0,0,0,291.4,84
0,0,0,290.8,87
0,0,0,290.2,91
49.44,0,2,289.4,92
136.76,404.3,49,295.6,91
249.6,443.35,94,308.8,90
365.47,626.7,105,301.4,89
477.81,779.05,96,299.8,84
571.75,805.94,112,302.4,78
643.4,825.95,124,305.8,72
679.1,552.5,262,309.2,62
719.03,779.52,167,314.2,57
710.2,682.01,211,315.8,48
641.98,600.71,233,335.2,43
564.91,682.88,175,327.4,40
462.95,686.91,144,342.4,43
349.32,667.78,115,329.8,44
230.32,595.29,92,322.4,43
119.66,395.16,75,316.8,42
39.31,123.15,38,317.8,48
0,0,0,314,47
0,0,0,314.2,55
0,0,0,311.2,60
0,0,0,310.2,70
0,0,0,317,76
0,0,0,309,80
0,0,0,317.45,81
44.7,0,2,310.6,81
128.9,0,14,306.6,82
244.23,365.07,101,308.8,81
367.23,613.06,105,311,81
485.51,711.3,114,315.4,77
586.77,749.3,130,320.4,62
666.38,726.15,164,325.6,57
694.96,776.2,157,333,51
701.07,814.44,145,331.4,46
664.5,782.67,158,331.2,43
587.68,724.2,175,340,39
475.79,638.36,189,342.6,37
352.2,437.43,220,337.6,36
234.29,442.76,169,340,35
135.91,561.11,96,335.8,34
55.47,426.37,70,330.4,35
19.79,213.21,36,330.4,38
0,0,0,329.2,40
0,0,0,323.2,44
0,0,0,324,72
0,0,0,318.2,90
0,0,0,315.2,89
0,0,0,315.8,92
0,0,0,313.65,92
40.09,0,2,312.4,94
113.88,212.42,58,313.6,96
214.73,498.59,82,316.2,97
323.3,599.37,108,322.6,95
429.2,710.62,114,325.4,93
520.92,777.69,119,337.2,90
631.76,815.03,124,334.4,86
648.98,852.05,120,345.8,78
643.9,845.77,129,351.6,67
567.6,797.42,151,349.8,57
499.52,829.33,125,357.4,53
422.78,770.58,135,362.8,49
347.97,741.98,120,362.2,47
259.73,680.05,108,348.8,47
171.14,582.25,92,344.8,48
86.31,408.01,71,337.6,56
28.27,198.61,35,344.4,50
0,0,0,336.8,53
0,0,0,335.2,56
0,0,0,329.2,67
0,0,0,321.4,72
0,0,0,319,70
0,0,0,317,69
0,0,0,314.45,72
32.73,0,2,311.8,77
90.47,170.46,58,310.2,81
167.9,466.99,86,310,86
251.22,593.13,109,312,89
334,702.27,118,315.2,86
407.79,769.19,124,319,80
518.89,804.64,130,323,86
440.85,842.41,126,326.8,83
559.98,836.34,135,329.8,76
624.72,787.75,158,331.8,66
559.74,787.87,147,333.8,62
502.32,733.76,151,334.8,67
422.75,618.77,164,335.6,67
325.01,587.79,134,335.4,67
220.8,444.79,117,334.6,65
115.81,143.72,89,334,69
36.21,61.16,33,332.6,66
0,0,0,330.4,67
0,0,0,330.8,68
0,0,0,330.8,72
0,0,0,328.4,74
0,0,0,329.8,77
0,0,0,329.6,78
0,0,0,327.05,79
37.11,0,0,325,81
114.47,0,9,328.4,84
218.56,121.62,114,329.4,88
325.7,126.49,176,332.2,86
424.99,155.94,237,333.8,80
509.35,337.37,263,347.2,72
597.2,246.15,325,347.6,66
644.46,266.54,350,348.2,59
663.52,367.24,335,352.8,52
652.8,391.64,323,353.8,50
582.8,608.23,222,367,49
489.02,665.13,174,359.4,55
383.82,477.22,204,369.2,57
271.77,15.26,172,365.4,57
165.86,8.9,112,361.8,58
77.56,4.69,61,359.2,58
24.35,0,34,349.8,61
0,0,0,345.8,66
0,0,0,342.2,69
0,0,0,344.4,73
0,0,0,340,76
0,0,0,348.6,77
0,0,0,352.6,79
0,0,0,359.85,77
31.95,0,0,352.8,81
96.29,0,9,347.4,83
189.95,0,71,350.6,83
298.58,99.33,172,352,82
407.41,231.14,228,349.4,78
502.43,100.95,287,374.2,88
577.71,38.76,306,379.4,64
629.03,224.75,355,375.2,61
630.37,252.35,364,376.6,64
633.25,362.78,328,375.2,53
575.53,138.44,351,377,43
513.39,0,154,377.6,41
431.27,0,68,377.2,46
328.01,0,84,374.6,50
220.34,5.98,105,377.8,68
112.68,57.01,80,371.2,62
32.56,0,5,365.4,67
0,0,0,370.2,68
0,0,0,358.2,63
0,0,0,352.8,68
0,0,0,345.6,73
0,0,0,343.2,76
0,0,0,337.4,76
0,0,0,337.25,80
35.8,0,0,336.6,81
115.74,0,9,347,83
219.74,0,19,341,84
324.15,0,52,348.4,90
428.2,429.18,193,366.6,86
517.89,171.64,292,358.2,78
594.21,33.13,304,366.4,70
623.93,194.73,366,381,61
661.79,435.09,314,359.2,55
627.34,607.62,241,359.2,77
553.84,758.86,160,369.4,68
460.12,505.56,237,355,57
357.32,244.07,260,339.4,55
249.08,500,153,322.8,48
151.98,358.43,128,318,53
70.81,269.56,80,320.2,54
20.87,0,31,309,59
0,0,0,321.6,63
0,0,0,311.2,71
0,0,0,315.2,70
0,0,0,316.4,75
0,0,0,322.6,74
0,0,0,325.6,76
0,0,0,331.85,80
30.64,0,0,319.2,85
103.55,0,8,317.6,87
200.02,0,19,318.2,89
297.56,5.17,128,326.6,91
391.78,124.67,237,314.2,87
469.94,246.2,284,334.8,79
527.52,487.09,259,348.8,70
566.86,531.12,267,340,62
558.05,516.62,283,339.2,89
568.39,187,376,343.2,64
598.45,168.24,355,334.6,59
491.77,176.73,318,326.2,57
413.72,461.8,211,319.6,54
307.8,520.54,149,321.4,59
202.84,555.72,95,318.2,56
101.28,317.25,76,304.8,57
27.95,0,29,314,83
0,0,0,304.2,64
0,0,0,299.6,60
0,0,0,311,64
0,0,0,301.8,76
0,0,0,301.8,81
0,0,0,306,76
0,0,0,315.85,77
28.73,0,0,310.8,80
96.55,0,8,301.6,83
191.56,88.57,110,299.2,85
292.59,471.04,133,303.2,87
397.21,0,95,296.6,84
484.75,303.27,273,312.2,79
564.84,294.44,318,324.2,68
616.37,473.74,290,328.4,62
593.9,292.19,361,338,56
581.92,283.3,359,315.6,56
545.78,278.07,340,333.4,56
487.26,311.94,296,318,61
406.93,217.66,264,304.4,84
310.34,222.81,204,305.2,71
207.84,208.27,143,304,59
105.93,297.15,77,310.8,60
28.66,0,27,312,70
0,0,0,311.6,72
0,0,0,302,71
0,0,0,303.4,76
0,0,0,302.6,85
0,0,0,304.8,86
0,0,0,314.8,88
0,0,0,306.6,91
30.23,0,0,319.8,91
110.95,0,8,319.8,93
222.95,0,18,324.6,92
340.77,2.62,117,328.4,94
457.24,10,184,338.4,83
555.97,112.56,288,336.2,70
634.54,40.76,307,343,72
689.82,0,209,346.2,65
709.41,209.72,375,348,57
712.52,3.95,270,351.8,56
631.53,0,190,351.4,53
544.63,7.67,244,343.2,53
434.4,566.4,178,343.6,47
314.26,0,108,345,47
195.28,0,52,348.6,43
89.37,0,38,358,46
22.16,0,21,363.8,49
0,0,0,366,55
0,0,0,356,58
0,0,0,358.4,62
0,0,0,365.2,68
0,0,0,371.6,78
0,0,0,370.2,81
0,0,0,376.85,84
27.51,0,0,375.2,90
96.34,0,8,376,90
189.28,63.13,103,374.2,92
282.33,23.79,146,370,93
369.98,263.54,222,372.6,87
434.6,442.26,232,369.8,83
416.99,564,227,345,76
407.72,671.37,204,354.2,68
378.84,24.83,327,360.6,67
190.6,39.6,341,353.2,62
264.3,714.51,178,333,59
236.33,0,164,336.8,59
190.45,0,120,339.4,82
137.72,216.59,201,345.8,87
88.55,514.66,99,332.2,86
41.58,413.93,63,326.2,82
13.41,0,17,316,86
0,0,0,305,89
0,0,0,298.4,90
0,0,0,300.2,93
0,0,0,304.4,93
0,0,0,297,90
0,0,0,301.2,93
0,0,0,302.8,94
18.73,0,0,304,93
67.46,0,7,301.8,89
146.82,471.5,77,306.4,86
238.77,602.1,100,306,83
333.23,718.32,107,311,88
419.41,790.01,111,310.8,85
487.89,830.16,115,313.8,86
533.64,852.6,118,315.6,82
589,862.66,119,324.4,74
583.7,529.7,269,331.4,72
507.48,324.29,321,346,64
410.1,481.22,240,340.2,64
299.31,401.86,221,363.2,59
195.57,613.22,121,347.4,60
111.55,570.08,88,348.4,60
47.74,394.99,64,338.8,62
13.35,0,24,325.8,63
0,0,0,316.6,65
0,0,0,313.2,73
0,0,0,309.8,75
0,0,0,306.2,75
0,0,0,305.8,79
0,0,0,304.2,81
0,0,0,303.4,85
20.32,0,0,304,87
73.51,80.62,45,304.8,87
164.04,485.81,72,306.6,87
259.38,580.23,101,312,86
352.73,659.49,120,313.8,81
432.12,743.35,123,317.2,75
480.57,780.42,131,323,71
526.37,803.92,134,329.6,66
451.11,726.13,178,334.2,59
442.59,694.96,190,340.8,54
408.44,273.58,328,347,47
356.36,0,147,375.2,46
283.46,0,92,395.45,54
201.36,0,122,392.05,51
124.67,0,68,373.4,47
58.13,0,50,378.4,50
14.33,0,15,372,52
0,0,0,370.2,59
0,0,0,385,62
0,0,0,381.8,71
0,0,0,382.2,76
0,0,0,371.2,79
0,0,0,373.6,82
0,0,0,369.45,81
15.9,0,0,374.6,85
65.45,0,16,371.6,83
142.45,49.24,95,374.6,81
231.74,0,58,380.2,82
325.88,0,89,384.8,74
412.76,278.19,262,372.2,66
477.41,116.8,321,382,61
608.91,0,205,389.8,58
592.91,0,149,394.85,52
575.49,400.05,307,397.25,46
526.14,0,139,384.8,44
445.99,7.8,234,385.6,51
347.2,31.1,227,399.25,56
243.35,29.94,174,392.05,73
146.93,131.83,134,391.6,66
60.38,80.84,73,373.6,78
15.29,0,15,343.6,64
0,0,0,339.4,65
0,0,0,330.4,66
0,0,0,327,73
0,0,0,324.6,80
0,0,0,327.4,85
0,0,0,331.6,86
0,0,0,354.05,89
20.27,0,0,357.8,95
88.34,0,7,363.2,96
182.26,0,35,367,95
275.03,0,34,374.2,90
364.04,0,79,384.2,94
437.71,0,162,380.2,91
493.15,0,147,385.2,83
496.28,297.36,336,379.6,77
453.62,286.15,352,377.2,68
327.5,813.74,141,357.2,64
328.95,165.43,346,343.6,62
292.88,145.82,308,324.4,60
239.77,287.01,243,335.4,57
177.02,132.28,198,347,58
112.95,13,107,343,63
53.45,175.84,73,321.4,67
13.75,0,20,311,69
0,0,0,317,70
0,0,0,315.4,73
0,0,0,311.8,74
0,0,0,318.8,77
0,0,0,317,78
0,0,0,315.2,82
0,0,0,328.25,90
18.85,0,0,322.6,94
91.73,44.09,38,330.2,95
203.87,0,16,328.2,95
323.27,90.99,159,330.2,94
436.93,0,51,360.6,90
525.88,0,95,364.2,82
641.7,2.98,228,352.4,73
678.14,145.81,353,351.8,57
665.57,304.49,342,368.8,49
642.69,0,137,347.4,45
560.66,12.78,276,357.4,41
462.18,4.73,220,343.4,37
346.87,0,159,369,37
232.13,4.68,139,356.6,40
127.85,6.58,95,340,46
47.43,252.37,68,333.2,49
9.49,0,19,337.6,49
0,0,0,344.2,55
0,0,0,326.8,52
0,0,0,333.6,55
0,0,0,333.4,58
0,0,0,335,66
0,0,0,332.6,65
0,0,0,336.45,71
10.54,0,0,333.4,70
41.87,0,6,313.6,81
96.47,372.71,82,314.4,80
153.48,559.29,104,313.4,81
213.12,578.23,143,345.4,81
268.52,563.11,188,342,81
303.45,137.76,324,343.6,71
352.85,111.86,353,351.4,64
412.62,353.7,331,351.8,59
462.06,648.71,215,358.6,56
405.24,737.11,164,343.4,57
355.31,669.63,169,331.8,59
277.98,735.38,116,328.2,58
201.35,631.81,111,332.6,57
121.34,519.13,91,331.96,85
52.23,383.87,58,330.9,78
10.8,0,15,329.84,82
0,0,0,328.78,71
0,0,0,327.72,72
0,0,0,326.66,75
0,0,0,325.6,78
0,0,0,324.53,76
0,0,0,323.47,79
0,0,0,322.41,82
12.09,0,0,321.35,88
48.52,0,6,320.29,90
106.89,235.62,92,319.23,90
160.87,342.25,139,318.16,89
216.27,661.73,115,317.1,93
262.73,422.76,225,316.04,93
289.11,769.64,132,340,90
276.58,719.5,170,339.6,82
287.91,357.7,323,337.6,81
282.76,461.24,284,338,81
257.72,712.87,166,333.8,85
221.69,208.96,297,338,74
177.39,480.32,189,337.6,61
126.89,563.44,123,336.8,63
75.32,535.77,85,339.6,75
31.45,469.81,49,337.8,93
7.33,0,15,336.4,91
0,0,0,330,91
0,0,0,327.8,83
0,0,0,326,87
0,0,0,328.8,90
0,0,0,331.2,87
0,0,0,327,87
0,0,0,328.45,87
8.66,0,0,325.4,84
30.38,0,6,323.8,88
69.84,521.99,61,319.8,93
109.22,589.84,93,323.8,85
151.14,699.79,103,328.6,90
192.31,772.54,108,332.6,94
223.76,768.56,132,335.4,91
208.8,719.64,169,340.6,94
214.21,832.09,124,344.8,93
290.87,769.11,152,347.2,92
273.6,529.83,240,354.8,93
271.98,435.95,242,353,91
227.92,683.77,126,358,81
176.99,561.01,123,357,83
107.23,596.35,73,368.8,84
44.52,351.56,57,349.6,85
9.29,0,4,347.2,87
0,0,0,348,90
0,0,0,351.4,89
0,0,0,352.2,91
0,0,0,363.4,95
0,0,0,370.8,95
0,0,0,370,96
0,0,0,363.45,97
11.83,0,0,355.8,95
60.03,0,11,365.2,95
124.9,0,15,368.4,96
190.98,0,27,366.6,97
238.39,0,106,370.2,94
278.75,0,127,376.6,88
297.16,0,194,377.4,83
274.03,164.3,347,383,77
260.26,32.29,323,376.2,76
93.88,891.93,92,383,66
275.12,15.82,277,397.65,62
252.48,4.8,221,407.05,69
209.7,0,144,401.85,68
154.43,26.37,164,396.25,65
93.47,0,82,389.4,76
38.95,0,20,388.2,89
7.89,0,6,383.6,90
0,0,0,379.6,93
0,0,0,386.2,94
0,0,0,385.8,92
0,0,0,386.6,93
0,0,0,392,95
0,0,0,387.4,95
0,0,0,383.45,95
9.32,0,0,373.8,96
48.58,0,5,376.2,94
113.29,0,15,379.8,93
177.18,25.78,133,374.4,94
244.36,36.22,195,374.8,94
309.12,267.87,257,377.2,92
361.6,224.66,308,386.8,90
396.91,320.2,317,400.25,87
391.19,160.75,359,400.65,85
355.48,203.45,351,390.6,82
331.34,289.02,313,378.4,81
284.02,3.22,211,378.8,83
226.51,155.64,246,373.8,80
160.17,82.25,183,358.6,80
95.36,27.67,109,352.6,78
37.78,104.53,64,341,79
6.23,0,2,335.2,81
0,0,0,340,82
0,0,0,346.6,80
0,0,0,350.4,83
0,0,0,349.4,85
0,0,0,356,86
0,0,0,359.2,87
0,0,0,355.25,90
9.42,0,0,346.4,91
64.66,0,5,325.6,91
163.6,0,15,330.4,90
280.19,0,33,345.2,90
397.86,0,44,353.8,89
504.64,0,64,378,88
585.54,0,116,376.6,83
616.98,0,185,377.6,77
644.36,0,154,379,70
593.62,0,123,381.4,63
540.59,108.9,330,379.8,58
450.4,751.86,127,374,56
344.91,615.37,145,373.8,63
231.66,295.43,172,347.2,68
125.68,277.05,114,341.8,73
44.23,359.68,52,335.2,77
5.41,0,8,330,77
0,0,0,327.2,79
0,0,0,323.8,73
0,0,0,322.8,76
0,0,0,322.2,77
0,0,0,321.6,79
0,0,0,321.6,80
0,0,0,322.65,80
7.16,0,0,324.2,88
35.92,0,5,327.6,88
91.71,0,14,332.2,86
150.79,0,66,334,86
210.77,551.27,140,346,81
304.29,392.33,226,357,76
312.55,764.84,130,375.8,77
354.87,833.7,114,392.05,77
410.28,324.27,326,397.05,69
433.45,214.9,346,399.05,57
379.44,309.34,305,402.45,59
342.77,487.85,220,405.05,66
292.36,823.77,76,403.25,70
219.28,741.95,74,404.85,64
134.86,558.57,75,396.05,62
52.54,337.18,52,382.2,64
6.86,0,0,372.4,66
0,0,0,367.6,69
0,0,0,361.4,73
0,0,0,362,76
0,0,0,361,79
0,0,0,361,82
0,0,0,361.6,83
0,0,0,364.25,84
7.75,0,0,366,84
62.07,0,4,363.8,84
169.99,14.19,67,364.4,83
295.78,268.82,139,362.4,79
421.32,34.85,189,369,76
532.7,589.3,167,390.8,70
600.78,679.33,164,389.4,63
676.45,743.99,154,391.4,57
684.12,696.59,183,395.05,52
659.6,149.46,351,396.85,47
611.8,287.44,309,400.85,45
504.32,96.51,288,406.65,42
386.4,447.87,189,416.05,39
258.96,268.85,171,424.85,39
139.41,458.64,89,419.25,40
46.15,173.48,58,407.65,43
6.3,0,0,403.45,43
0,0,0,395.05,43
0,0,0,402.85,44
0,0,0,404.25,43
0,0,0,390.8,60
0,0,0,386.8,69
0,0,0,384.8,83
0,0,0,380.65,82
5.27,0,0,377.2,80
31.99,0,6,376.2,75
83.55,0,23,372.6,64
137.6,0,25,372.2,59
200.1,188.75,206,379.4,65
258.94,391.67,223,394.45,70
305.65,524.89,220,390.4,86
308.48,662.05,189,392.25,83
363.96,636.54,208,395.65,78
402.63,735.56,163,402.45,76
380.8,266.82,312,416.45,74
317.05,243.56,279,413.25,73
289.12,462.98,184,416.05,69
227.54,362.14,155,404.65,75
147.73,84.36,114,408.45,71
65.13,0,11,414.45,63
0,0,0,415.25,71
0,0,0,401.65,70
0,0,0,391.6,72
0,0,0,393.85,74
0,0,0,388.8,71
0,0,0,389.4,75
0,0,0,412.85,77
0,0,0,412.45,81
7.55,0,0,413.05,85
65.76,0,4,407.65,89
173.53,0,14,401.85,90
291.49,0,32,379.2,91
405.1,15.48,170,388,88
498.12,82.4,257,386.2,76
565.48,94.94,303,386,67
548.88,276.11,320,380.8,56
637.01,353.6,313,367.8,47
576.02,505.8,257,365.8,43
513.95,8.89,254,365.8,41
434.89,38.09,262,366.4,39
331.91,0,119,365,38
223.59,12.71,143,371.4,37
123.09,0,53,373.8,41
46.2,7.1,40,381.2,39
0,0,0,370,48
0,0,0,375.4,59
0,0,0,366.6,67
0,0,0,368.2,76
0,0,0,361.8,77
0,0,0,363,83
0,0,0,364.6,86
0,0,0,369.45,89
7.07,0,0,375.4,93
50.29,0,15,376.4,95
123.52,0,13,368.8,95
189.05,122.16,142,357.6,95
232.16,6.69,156,374,97
237.96,39.66,238,365.4,93
269.95,183.08,303,369,80
239.3,17.25,280,377,67
348.44,33.31,315,373.2,60
318.15,43.53,319,362.2,54
267.79,26.82,284,367.2,57
240.6,96.66,281,370,60
190.83,33.74,211,368.4,62
135.8,82.21,172,361.4,55
88.15,94.75,111,361,55
36.05,110.06,53,356.4,54
0,0,0,367,61
0,0,0,354.6,61
0,0,0,356,73
0,0,0,358.2,70
0,0,0,367.2,80
0,0,0,360.4,82
0,0,0,345,82
0,0,0,371.45,87
0,0,0,366.6,78
62.32,0,3,376.8,78
161.14,0,13,377,79
282.39,98.87,140,377.6,81
402.47,584.48,125,374,83
511.76,397.29,218,364.2,79
596.65,402.79,255,373.8,71
473.75,424.79,275,370,68
486.29,645.76,201,354,53
461.48,131.26,343,346.4,48
387.23,484.06,245,342.6,45
330.94,206.35,279,344.8,44
267.52,14.01,191,354.8,38
186.73,228.63,168,340.2,40
104.98,420.33,87,354.2,40
37.02,243.2,48,340.8,42
0,0,0,340.4,41
0,0,0,340.6,45
0,0,0,343.4,75
0,0,0,338.4,75
0,0,0,338.4,79
0,0,0,339.6,81
0,0,0,341,88
0,0,0,340.25,87
0,0,0,353.8,87
60.02,0,3,362.8,89
154.66,104.22,76,353.6,89
267.05,0,49,359.2,90
376.79,2.27,138,353.4,87
473.8,0,108,376,78
509.07,0,165,367.6,69
569.57,162.66,332,382.6,58
426.58,762.56,149,371.6,53
428.45,898.11,85,372.2,50
409.47,833.55,106,371.6,48
365,0,159,375,46
299.44,0,68,374,45
217.88,170.84,170,376.2,57
127.07,408.33,87,375,56
44.78,378.6,39,372.8,57
0,0,0,370.8,62
0,0,0,372.2,64
0,0,0,354.8,66
0,0,0,356,71
0,0,0,352.6,69
0,0,0,365.4,70
0,0,0,367,70
0,0,0,369.45,70
0,0,0,368.2,76
62.77,0,3,361.6,79
170.61,117.11,75,360.6,81
298.45,363.99,117,364.6,83
423.7,701.84,92,362.2,82
532.35,661.76,137,356.6,78
620.31,814.73,105,357.6,69
627.61,840.93,107,363.8,56
603.2,836.95,115,368.4,51
570.75,818.79,121,371.4,48
465.73,306.29,294,376.8,46
373.45,369.09,243,388.8,43
274.93,160.82,228,388,42
176.13,311.2,154,390.8,43
86.32,80,103,399.25,45
26.64,32.81,41,383,47
0,0,0,385.6,51
0,0,0,389,56
0,0,0,376.8,60
0,0,0,378.8,67
0,0,0,370.6,65
0,0,0,369.4,68
0,0,0,374,77
0,0,0,375.45,84
0,0,0,374.2,91
45.88,0,2,374,90
136.66,0,18,373,92
251.7,0,28,371.4,93
365.08,0,48,379.4,91
467.87,0,131,392.4,87
547.96,238.48,290,395.65,80
602.95,13.21,265,394.85,73
636.53,101.99,339,399.05,60
640.27,17.21,281,411.45,60
590.22,186.12,313,406.45,59
509.09,82.23,271,411.65,61
399.08,223.9,220,405.65,58
277.02,70.01,161,406.45,54
151.7,8.16,80,401.65,57
46.41,342.05,37,399.25,56
0,0,0,396.25,58
0,0,0,381.8,62
0,0,0,378.8,66
0,0,0,376.8,73
0,0,0,375.6,78
0,0,0,374.6,82
0,0,0,373.4,86
0,0,0,372.65,87
0,0,0,372,88
50.41,0,2,370.4,92
155.11,0,12,372.2,94
282.77,68.16,129,372.4,94
408.85,0,40,376.4,96
520.62,0,68,388.8,88
607.3,0,78,383.8,76
652.94,0,150,387.4,66
662.38,139.56,340,396.05,57
666.95,742.86,153,398.85,52
606.72,462.07,246,408.85,47
513.37,298.55,256,412.05,42
396.06,599.14,137,403.85,40
266.69,665.44,83,403.25,38
136.62,362.02,86,411.25,38
37.06,232.36,40,390.6,39
0,0,0,377.2,41
0,0,0,369.6,44
0,0,0,366.4,52
0,0,0,363.2,52
0,0,0,362.6,55
0,0,0,360,58
0,0,0,356.8,61
0,0,0,357.05,84
0,0,0,355.4,93
32.06,0,2,344.8,92
100.59,56.98,66,348.2,89
192.25,407.78,106,343.8,88
307.14,608.05,114,345.2,85
424.62,709.47,118,341.2,85
542.27,751.64,128,344,86
378.93,837.07,107,341.8,80
435.9,817.68,121,347.2,73
475.81,684.78,177,343.2,73
432.42,767.86,130,343.2,71
360.84,735.5,123,344.4,64
273.58,734.62,96,342.4,60
180.5,519.47,112,346,75
89.16,458.87,73,344,75
25.34,159.22,40,343.4,76
0,0,0,334.2,76
0,0,0,335.8,77
0,0,0,334,81
0,0,0,324.4,85
0,0,0,328.2,82
0,0,0,340,81
0,0,0,343.8,88
0,0,0,347.25,90
0,0,0,337,92
38.59,0,2,337.6,80
128.34,0,24,339.8,76
246.48,0,25,344,80
367.44,0,97,353.8,83
473.3,124.77,247,369.2,83
549.79,34.23,263,380.8,74
602.7,0,71,378.6,65
585.6,453.64,268,380.4,59
570.41,499.12,248,387.2,56
523.91,122.86,308,383,52
444.42,0,88,379,55
343.9,0,56,379.4,59
229.58,137.23,159,376.4,60
116.8,60.79,92,387,60
30.88,0,29,383.2,60
0,0,0,390.25,65
0,0,0,379.6,70
0,0,0,385,72
0,0,0,400.45,77
0,0,0,382.4,80
0,0,0,371.8,85
0,0,0,373.6,85
0,0,0,379.25,85
0,0,0,383.4,85
31.64,24.92,11,391.25,85
98.01,0,10,387.8,85
183.36,0,22,397.45,84
279.77,0,88,396.85,79
355.04,0,82,385.6,76
408.05,0,123,399.25,71
418.72,6.01,242,394.65,66
469.98,0,143,400.25,62
427.41,1.47,223,399.85,61
370.41,0,144,397.85,61
303.56,0,95,396.65,60
222.78,0,132,399.05,59
140.02,0,62,398.05,57
67.79,0,46,396.45,59
18.78,0,16,392.25,62
0,0,0,391.6,62
0,0,0,376.8,64
0,0,0,375,68
0,0,0,363,68
0,0,0,337.4,69
0,0,0,330,69
0,0,0,323.2,71
0,0,0,317.25,71
0,0,0,319.2,71
16.34,0,0,319.6,75
45.81,325.57,56,315.2,75
80.66,527.64,83,319,76
111.33,456.42,144,315.2,84
140.47,717.65,113,330.6,84
199.8,262.5,276,342.6,89
162.16,271.88,303,342.2,84
188.72,93.25,328,337.8,83
126.03,302.86,304,357.6,81
127.29,567.53,203,357.8,71
130.31,730.07,121,357,70
105.45,700.99,103,340.6,70
75.71,674.12,76,340,72
39.09,504.56,62,324.6,74
12.81,0,32,325,78
0,0,0,315,86
0,0,0,295,89
0,0,0,292.8,90
0,0,0,291.2,78
0,0,0,291.2,80
0,0,0,290.2,80
0,0,0,290.6,82
0,0,0,293,84
0,0,0,289,86
17.36,0,0,290,86
56.6,258.69,58,290.2,83
111.53,514.39,83,293.8,81
170.9,685.27,89,298.2,80
232.9,728.97,108,311.4,78
280.92,819.28,98,318.2,77
314.02,553.16,217,321.8,69
396.85,451.48,264,337.6,66
490.95,147.19,325,338,62
436.42,217.51,297,358.2,59
348.3,165.19,263,357.6,57
249.21,2.18,149,356.4,55
153.72,0,35,352.4,56
68.91,23.29,76,333,56
15.34,0,29,332,58
0,0,0,335.2,60
0,0,0,314,60
0,0,0,313.8,60
0,0,0,315.2,59
0,0,0,329,60
0,0,0,321.6,62
0,0,0,318.6,63
0,0,0,336.05,63
0,0,0,340,63
21.86,0,0,353.2,64
76.22,0,9,358,65
148.3,123.44,121,352.8,65
223.05,443.37,144,347.4,71
284.88,660.63,129,338.8,67
324.23,503.57,209,336.6,64
336.41,22.94,271,358.2,71
312.55,0,151,352.2,73
279.84,0,173,361,77
261.16,0,109,366,68
229.95,1.81,174,384.2,65
183.73,0,69,383.2,64
126.25,0,67,388.85,68
64.78,14.33,71,384,65
17.45,0,11,382.4,68
0,0,0,383.8,80
0,0,0,392.45,83
0,0,0,393.4,83
0,0,0,398.05,83
0,0,0,397.25,88
0,0,0,394.65,91
0,0,0,388.2,91
0,0,0,390.85,90
0,0,0,371,91
23.59,0,0,363.4,90
93,46.74,53,340.4,92
188.43,368.76,101,324.6,94
283.26,572.34,114,320.8,94
363.98,699.31,115,345.2,89
426.56,702.43,140,342.2,79
396.8,520.14,226,351.6,66
420,142.48,326,358.6,62
371.18,146.12,321,344.2,60
353.14,9.67,231,345,59
304.98,1.83,178,348.4,92
229.72,8.91,160,360.8,81
146.71,69.36,142,371.6,70
65.41,4.9,57,387.8,66
14.72,0,26,384.4,67
0,0,0,381.4,71
0,0,0,386,75
0,0,0,373,79
0,0,0,348.6,79
0,0,0,328.8,82
0,0,0,336.6,86
0,0,0,336.8,88
0,0,0,324.65,87
0,0,0,327,90
22.11,0,0,327.8,88
80.38,0,28,319,88
160.68,330.84,104,340.6,89
237.63,311.79,164,330.8,89
302.47,1.98,159,337.6,84
340.09,91.6,277,358.6,80
355.27,509.58,228,362,77
379.15,253.94,312,348.6,77
395.31,514.14,233,344.6,74
397.92,573.01,195,364,70
338.64,506.94,187,338.8,64
256.36,664.94,107,341.8,60
163.49,566.97,91,334.8,59
71.59,418.29,64,327.2,63
13.81,0,23,312.8,63
0,0,0,306.8,66
0,0,0,322.8,70
0,0,0,318,75
0,0,0,311.4,80
0,0,0,320.8,84
0,0,0,313,87
0,0,0,318.6,91
0,0,0,322.85,92
0,0,0,329,93
20.23,0,0,330,94
84.5,0,8,334.8,94
181.8,0,20,343.2,95
282,0,69,356.2,91
372.51,0,125,366.2,87
448.07,0,136,367.8,82
527.23,0,145,368.2,73
579.11,0,59,377,66
540.6,0,87,380.8,63
469.39,0,110,385.8,58
376.2,422.32,208,385.6,58
265.83,547.37,136,357.2,57
159.27,233.71,137,348.2,57
63.96,0,46,354.8,58
11,0,22,365.8,63
0,0,0,352.2,64
0,0,0,369.8,67
0,0,0,342.2,70
0,0,0,333.2,82
0,0,0,332,87
0,0,0,327.4,89
0,0,0,328.6,82
0,0,0,320.05,85
0,0,0,321.8,87
21,0,0,324.4,90
96.77,65.94,49,327,94
205.45,600.52,63,333.8,93
311.98,657.65,90,332.4,91
406.56,88.6,228,327.8,84
478.99,548.94,189,324.4,77
568.34,536.84,216,348.4,69
543.29,33.3,286,332,63
505.22,284.53,296,350.2,59
440.47,0,82,353.6,61
347.88,31.93,225,351,58
250.44,634.8,112,338.8,55
145.78,76.08,135,329.2,54
56.09,0,41,320.8,50
8.85,0,19,322.2,56
0,0,0,337,64
0,0,0,336.2,69
0,0,0,338.6,70
0,0,0,340.2,73
0,0,0,350.8,75
0,0,0,341,77
0,0,0,356,86
0,0,0,346.25,88
0,0,0,335,87
15.65,0,0,323,90
74.23,7.58,38,318.6,91
164.2,263.28,105,307.4,92
259.67,0,97,307.6,87
348.13,235.6,222,326.4,77
428.78,507.94,200,347.4,70
450.47,309.78,281,348.6,65
422.27,344.45,285,355.2,58
391.62,213.78,306,350.2,54
367.01,319.15,264,340,53
300.23,30.34,221,340.4,51
225.21,105.17,195,332.2,52
136.16,235.55,132,342,55
56.73,258.94,70,334.8,55
9.17,0,17,335,58
0,0,0,331,57
0,0,0,344.4,58
0,0,0,329.2,69
0,0,0,335.6,74
0,0,0,319.6,78
0,0,0,321.2,79
0,0,0,321.2,80
0,0,0,332.05,80
0,0,0,345.6,81
9.09,0,0,348.8,88
31.23,0,7,355,89
65.9,0,23,349.6,89
96.5,0,88,337.2,90
125.31,2.05,148,327.2,89
143.3,5.24,204,358,87
152.31,25.47,265,346.8,83
265.62,174.96,314,357,82
275.63,28.09,273,358.6,81
261.2,25.14,250,360.8,80
221.29,17.24,204,356.4,82
169.95,2.37,129,351.2,85
110.23,92.01,132,338.8,75
47.38,119.5,71,335.6,77
7.65,0,11,319,80
0,0,0,321.8,78
0,0,0,342.6,82
0,0,0,326.6,82
0,0,0,316.6,82
0,0,0,314.6,84
0,0,0,306.6,83
0,0,0,302.4,82
0,0,0,324.45,82
0,0,0,311.2,85
8.73,0,0,315.6,87
26.63,0,7,327.6,87
51.39,177.68,106,314,89
50.24,297.62,156,319.4,93
59.62,394.86,190,342,94
81.2,133.77,270,331.6,96
71.98,193.97,297,337,97
92.91,140.66,313,339.6,96
144.9,262.59,294,359,95
161.66,38.88,258,354.8,94
155.04,90.92,240,354.8,94
123.52,0,122,328.4,94
84.44,120.54,131,327.6,94
36.33,194.23,67,334.2,94
5.73,0,13,329.6,85
0,0,0,319.2,84
0,0,0,311.6,84
0,0,0,307.8,81
0,0,0,312.8,83
0,0,0,304.6,84
0,0,0,322.8,85
0,0,0,326,87
0,0,0,334.45,90
0,0,0,328,94
15.15,0,0,343,91
91.7,0,7,311.4,92
203.85,0,22,332.8,91
315.7,8.07,125,333.8,91
416.55,98.05,220,345.2,89
500.25,141.92,268,339.6,87
531.29,129.18,297,330.8,77
533.98,123,309,338.2,72
497.19,95.07,300,327,69
425.51,92.07,277,321.8,64
350.2,125.09,240,326.6,61
248.17,204.14,186,331.8,59
143.89,30.73,114,346,59
52.4,18.29,55,349.2,68
6.71,0,0,345.4,69
0,0,0,341.6,70
0,0,0,298.4,73
0,0,0,320.2,76
0,0,0,321.8,83
0,0,0,321,87
0,0,0,329.2,89
0,0,0,325.8,91
0,0,0,323.45,89
0,0,0,331.2,91
8.52,0,0,327,89
35.01,0,21,315.8,90
61.3,0,47,327.6,86
67.91,2.72,110,333.6,83
55.91,2.11,153,343.2,77
57.52,17.88,223,341.6,69
79.78,29.28,262,345,83
66.34,98.82,305,346.8,90
113.93,4.79,221,347.2,91
207.85,0,95,350.4,93
178.68,0,83,339.8,89
135.77,0,96,346.2,87
87.48,76.62,121,337,91
34.19,158.18,63,323.2,92
5.95,0,0,297.6,86
0,0,0,308.6,88
0,0,0,327,90
0,0,0,334,92
0,0,0,337.4,95
0,0,0,339,95
0,0,0,341,95
0,0,0,341.6,96
0,0,0,336.85,95
0,0,0,312.4,95
5.34,0,0,301.6,97
20.65,146.65,39,308.8,96
49.43,421.19,79,303.6,96
73.7,603.22,95,305.6,96
92.95,680.19,111,294.4,96
101.23,726.51,122,307.6,96
152.5,104.91,290,296.8,96
198.42,44.25,283,301.8,95
235.51,157.77,299,300,94
218.95,126.7,275,324.2,95
183.73,251.59,227,334.4,95
138.03,29.98,163,323,91
84.45,78.22,119,319.4,90
35.78,52.62,56,288.02,89
0,0,0,293.16,84
0,0,0,298.3,85
0,0,0,303.45,86
0,0,0,308.59,88
0,0,0,313.73,91
0,0,0,318.88,91
0,0,0,324.02,93
